path,size_bytes,updated_at
"/Users/alexis/.openclaw/shared/discussions/2026-03-01.md",5698,"2026-03-02T16:01:34"
"/Users/alexis/.openclaw/shared/outputs/anna/gtm-forgeia.md",6687,"2026-03-02T16:01:34"
"/Users/alexis/.openclaw/shared/outputs/anna/landing-forgeia.md",6291,"2026-03-02T16:01:34"
"/Users/alexis/.openclaw/shared/outputs/anna/pitch-forgeia.md",7775,"2026-03-02T16:01:34"
"/Users/alexis/.openclaw/shared/outputs/franck/bp-forgeia-3ans.md",8556,"2026-03-02T16:01:34"
"/Users/alexis/.openclaw/shared/outputs/jimmy/deploy-forgeia.md",6075,"2026-03-02T16:01:34"
"/Users/alexis/.openclaw/shared/outputs/john/brief-beta.md",3877,"2026-03-02T16:01:34"
"/Users/alexis/.openclaw/shared/outputs/john/inpi-forgeia.md",3379,"2026-03-02T16:01:34"
"/Users/alexis/.openclaw/shared/tasks/board.md",1599,"2026-03-02T16:01:34"
"/Users/alexis/.openclaw/workspace/.claude/agents/README.md",960,"2026-03-02T16:01:48"
"/Users/alexis/.openclaw/workspace/.claude/agents/anna.md",1765,"2026-03-02T16:01:48"
"/Users/alexis/.openclaw/workspace/.claude/agents/bidi.md",1701,"2026-03-02T16:01:48"
"/Users/alexis/.openclaw/workspace/.claude/agents/franck.md",1662,"2026-03-02T16:01:48"
"/Users/alexis/.openclaw/workspace/.claude/agents/jimmy.md",1743,"2026-03-02T16:01:48"
"/Users/alexis/.openclaw/workspace/.claude/agents/john.md",1739,"2026-03-02T16:01:48"
"/Users/alexis/.openclaw/workspace/.clawhub/lock.json",1644,"2026-03-02T16:01:34"
"/Users/alexis/.openclaw/workspace/.learnings/ERRORS.md",1374,"2026-03-02T16:01:48"
"/Users/alexis/.openclaw/workspace/.learnings/FEATURE_REQUESTS.md",406,"2026-03-02T16:01:48"
"/Users/alexis/.openclaw/workspace/.learnings/LEARNINGS.md",1144,"2026-03-02T16:01:48"
"/Users/alexis/.openclaw/workspace/.openclaw/workspace-state.json",125,"2026-03-02T16:01:48"
"/Users/alexis/.openclaw/workspace/AGENTS-proactive.md",3860,"2026-03-02T16:01:48"
"/Users/alexis/.openclaw/workspace/AGENTS.md",2725,"2026-03-02T16:01:48"
"/Users/alexis/.openclaw/workspace/HEARTBEAT-proactive.md",2939,"2026-03-02T16:01:48"
"/Users/alexis/.openclaw/workspace/HEARTBEAT.md",516,"2026-03-02T16:01:48"
"/Users/alexis/.openclaw/workspace/IDENTITY.md",308,"2026-03-02T16:01:34"
"/Users/alexis/.openclaw/workspace/MEMORY.md",7992,"2026-03-02T16:01:48"
"/Users/alexis/.openclaw/workspace/MORNING_BRIEF.md",2767,"2026-03-02T16:01:48"
"/Users/alexis/.openclaw/workspace/ONBOARDING.md",2423,"2026-03-02T16:01:48"
"/Users/alexis/.openclaw/workspace/SOUL.md",2693,"2026-03-02T16:01:48"
"/Users/alexis/.openclaw/workspace/TOOLS.md",1058,"2026-03-02T16:01:48"
"/Users/alexis/.openclaw/workspace/USER.md",2180,"2026-03-02T16:01:48"
"/Users/alexis/.openclaw/workspace/archive/HEARTBEAT-v1.md",4080,"2026-03-02T16:01:34"
"/Users/alexis/.openclaw/workspace/archive/backups/AGENTS.md.backup",2725,"2026-03-02T16:01:34"
"/Users/alexis/.openclaw/workspace/archive/backups/HEARTBEAT.md.backup",516,"2026-03-02T16:01:34"
"/Users/alexis/.openclaw/workspace/archive/bookmarks-exports/bookmarks_notion_titles.txt",27719,"2026-03-02T16:01:34"
"/Users/alexis/.openclaw/workspace/archive/bookmarks-exports/bookmarks_x.json",127139,"2026-03-02T16:01:34"
"/Users/alexis/.openclaw/workspace/archive/bookmarks-exports/bookmarks_x.md",69038,"2026-03-02T16:01:34"
"/Users/alexis/.openclaw/workspace/archive/bookmarks-exports/bookmarks_x_grouped.json",135325,"2026-03-02T16:01:34"
"/Users/alexis/.openclaw/workspace/archive/bookmarks-exports/bookmarks_x_notion.csv",92966,"2026-03-02T16:01:34"
"/Users/alexis/.openclaw/workspace/archive/bookmarks-exports/bookmarks_x_notion_table.csv",92954,"2026-03-02T16:01:34"
"/Users/alexis/.openclaw/workspace/archive/bookmarks-exports/bookmarks_x_readable.md",54390,"2026-03-02T16:01:34"
"/Users/alexis/.openclaw/workspace/archive/ev-research/ev_offres_france_2026.md",2736,"2026-03-02T16:01:34"
"/Users/alexis/.openclaw/workspace/archive/ev-research/ev_offres_france_2026_comparatif.csv",5803,"2026-03-02T16:01:34"
"/Users/alexis/.openclaw/workspace/archive/ev-research/ev_table_notion.md",3259,"2026-03-02T16:01:34"
"/Users/alexis/.openclaw/workspace/archive/old-files/6760068f-2d63-4307-aa4f-3ee756f3cabb.json",2401,"2026-03-02T16:01:34"
"/Users/alexis/.openclaw/workspace/archive/old-files/6760068f-2d63-4307-aa4f-3ee756f3cabb.srt",501,"2026-03-02T16:01:34"
"/Users/alexis/.openclaw/workspace/archive/old-files/6760068f-2d63-4307-aa4f-3ee756f3cabb.tsv",403,"2026-03-02T16:01:34"
"/Users/alexis/.openclaw/workspace/archive/old-files/6760068f-2d63-4307-aa4f-3ee756f3cabb.txt",336,"2026-03-02T16:01:34"
"/Users/alexis/.openclaw/workspace/archive/old-files/6760068f-2d63-4307-aa4f-3ee756f3cabb.vtt",469,"2026-03-02T16:01:34"
"/Users/alexis/.openclaw/workspace/archive/old-files/fd65cac2-ff05-430b-bc76-c77c9e343db0.txt",401,"2026-03-02T16:01:34"
"/Users/alexis/.openclaw/workspace/archive/old-files/whatsapp-qr.png",9177,"2026-03-02T16:01:34"
"/Users/alexis/.openclaw/workspace/archive/old-projects/fastpay-landing/index.html",29326,"2026-03-02T16:01:34"
"/Users/alexis/.openclaw/workspace/archive/old-projects/index.html",312433,"2026-03-02T16:01:34"
"/Users/alexis/.openclaw/workspace/archive/old-projects/llm-monitoring.html",8339,"2026-03-02T16:01:34"
"/Users/alexis/.openclaw/workspace/archive/old-projects/migration-secrets-plan.md",4430,"2026-03-02T16:01:34"
"/Users/alexis/.openclaw/workspace/archive/old-projects/monitor-usage.py",2458,"2026-03-02T16:01:34"
"/Users/alexis/.openclaw/workspace/archive/old-projects/pizza-landing/index.html",16662,"2026-03-02T16:01:34"
"/Users/alexis/.openclaw/workspace/archive/old-projects/security-audit-20260216.md",3780,"2026-03-02T16:01:34"
"/Users/alexis/.openclaw/workspace/archive/voitures-2026/ESTIMATION_FINALE.png",123202,"2026-03-02T16:01:34"
"/Users/alexis/.openclaw/workspace/archive/voitures-2026/TRA-EQ-117.pdf",129841,"2026-03-02T16:01:34"
"/Users/alexis/.openclaw/workspace/archive/voitures-2026/abz0.png",123202,"2026-03-02T16:01:34"
"/Users/alexis/.openclaw/workspace/archive/voitures-2026/abz1.png",89570,"2026-03-02T16:01:34"
"/Users/alexis/.openclaw/workspace/archive/voitures-2026/abz2_bonnevoiture.png",20656,"2026-03-02T16:01:34"
"/Users/alexis/.openclaw/workspace/archive/voitures-2026/abz3_version.png",77090,"2026-03-02T16:01:34"
"/Users/alexis/.openclaw/workspace/archive/voitures-2026/abz4_km.png",35045,"2026-03-02T16:01:34"
"/Users/alexis/.openclaw/workspace/archive/voitures-2026/after_km.png",35351,"2026-03-02T16:01:34"
"/Users/alexis/.openclaw/workspace/archive/voitures-2026/after_version.png",35045,"2026-03-02T16:01:34"
"/Users/alexis/.openclaw/workspace/archive/voitures-2026/aramisauto.png",128749,"2026-03-02T16:01:34"
"/Users/alexis/.openclaw/workspace/archive/voitures-2026/aramisauto2.png",109878,"2026-03-02T16:01:34"
"/Users/alexis/.openclaw/workspace/archive/voitures-2026/autobiz.png",95874,"2026-03-02T16:01:34"
"/Users/alexis/.openclaw/workspace/archive/voitures-2026/autobiz_after_oui.png",77965,"2026-03-02T16:01:34"
"/Users/alexis/.openclaw/workspace/archive/voitures-2026/autobiz_km.png",74948,"2026-03-02T16:01:34"
"/Users/alexis/.openclaw/workspace/archive/voitures-2026/autobiz_result.png",51561,"2026-03-02T16:01:34"
"/Users/alexis/.openclaw/workspace/archive/voitures-2026/autobiz_step2.png",51561,"2026-03-02T16:01:34"
"/Users/alexis/.openclaw/workspace/archive/voitures-2026/autobiz_step3.png",51561,"2026-03-02T16:01:34"
"/Users/alexis/.openclaw/workspace/archive/voitures-2026/autobiz_version.png",35045,"2026-03-02T16:01:34"
"/Users/alexis/.openclaw/workspace/archive/voitures-2026/autoeasy.png",107956,"2026-03-02T16:01:34"
"/Users/alexis/.openclaw/workspace/archive/voitures-2026/carte_grise_fiat.png",190386,"2026-03-02T16:01:34"
"/Users/alexis/.openclaw/workspace/archive/voitures-2026/final0.png",52646,"2026-03-02T16:01:34"
"/Users/alexis/.openclaw/workspace/archive/voitures-2026/final1.png",50407,"2026-03-02T16:01:34"
"/Users/alexis/.openclaw/workspace/archive/voitures-2026/final10.png",194755,"2026-03-02T16:01:34"
"/Users/alexis/.openclaw/workspace/archive/voitures-2026/final11.png",194763,"2026-03-02T16:01:34"
"/Users/alexis/.openclaw/workspace/archive/voitures-2026/final12.png",194763,"2026-03-02T16:01:34"
"/Users/alexis/.openclaw/workspace/archive/voitures-2026/final13.png",194763,"2026-03-02T16:01:34"
"/Users/alexis/.openclaw/workspace/archive/voitures-2026/final14.png",194763,"2026-03-02T16:01:34"
"/Users/alexis/.openclaw/workspace/archive/voitures-2026/final15.png",194763,"2026-03-02T16:01:34"
"/Users/alexis/.openclaw/workspace/archive/voitures-2026/final16.png",194763,"2026-03-02T16:01:34"
"/Users/alexis/.openclaw/workspace/archive/voitures-2026/final17.png",460157,"2026-03-02T16:01:34"
"/Users/alexis/.openclaw/workspace/archive/voitures-2026/final18.png",194763,"2026-03-02T16:01:34"
"/Users/alexis/.openclaw/workspace/archive/voitures-2026/final19.png",194763,"2026-03-02T16:01:34"
"/Users/alexis/.openclaw/workspace/archive/voitures-2026/final2.png",90366,"2026-03-02T16:01:34"
"/Users/alexis/.openclaw/workspace/archive/voitures-2026/final20.png",194763,"2026-03-02T16:01:34"
"/Users/alexis/.openclaw/workspace/archive/voitures-2026/final3.png",99788,"2026-03-02T16:01:34"
"/Users/alexis/.openclaw/workspace/archive/voitures-2026/final4.png",90587,"2026-03-02T16:01:34"
"/Users/alexis/.openclaw/workspace/archive/voitures-2026/final5.png",94740,"2026-03-02T16:01:34"
"/Users/alexis/.openclaw/workspace/archive/voitures-2026/final6.png",96436,"2026-03-02T16:01:34"
"/Users/alexis/.openclaw/workspace/archive/voitures-2026/final7.png",87807,"2026-03-02T16:01:34"
"/Users/alexis/.openclaw/workspace/archive/voitures-2026/final8.png",31876,"2026-03-02T16:01:34"
"/Users/alexis/.openclaw/workspace/archive/voitures-2026/final9.png",144270,"2026-03-02T16:01:34"
"/Users/alexis/.openclaw/workspace/archive/voitures-2026/r1.png",52051,"2026-03-02T16:01:34"
"/Users/alexis/.openclaw/workspace/archive/voitures-2026/r10.png",51669,"2026-03-02T16:01:34"
"/Users/alexis/.openclaw/workspace/archive/voitures-2026/r11.png",51669,"2026-03-02T16:01:34"
"/Users/alexis/.openclaw/workspace/archive/voitures-2026/r12.png",51669,"2026-03-02T16:01:34"
"/Users/alexis/.openclaw/workspace/archive/voitures-2026/r13.png",51669,"2026-03-02T16:01:34"
"/Users/alexis/.openclaw/workspace/archive/voitures-2026/r14.png",51669,"2026-03-02T16:01:34"
"/Users/alexis/.openclaw/workspace/archive/voitures-2026/r15.png",51669,"2026-03-02T16:01:34"
"/Users/alexis/.openclaw/workspace/archive/voitures-2026/r16.png",51669,"2026-03-02T16:01:34"
"/Users/alexis/.openclaw/workspace/archive/voitures-2026/r17.png",51669,"2026-03-02T16:01:34"
"/Users/alexis/.openclaw/workspace/archive/voitures-2026/r18.png",51669,"2026-03-02T16:01:34"
"/Users/alexis/.openclaw/workspace/archive/voitures-2026/r19.png",51669,"2026-03-02T16:01:34"
"/Users/alexis/.openclaw/workspace/archive/voitures-2026/r2.png",82295,"2026-03-02T16:01:34"
"/Users/alexis/.openclaw/workspace/archive/voitures-2026/r20.png",51669,"2026-03-02T16:01:34"
"/Users/alexis/.openclaw/workspace/archive/voitures-2026/r21.png",51669,"2026-03-02T16:01:34"
"/Users/alexis/.openclaw/workspace/archive/voitures-2026/r3.png",34924,"2026-03-02T16:01:34"
"/Users/alexis/.openclaw/workspace/archive/voitures-2026/r4.png",34924,"2026-03-02T16:01:34"
"/Users/alexis/.openclaw/workspace/archive/voitures-2026/r5.png",34924,"2026-03-02T16:01:34"
"/Users/alexis/.openclaw/workspace/archive/voitures-2026/r6.png",52646,"2026-03-02T16:01:34"
"/Users/alexis/.openclaw/workspace/archive/voitures-2026/r7.png",50407,"2026-03-02T16:01:34"
"/Users/alexis/.openclaw/workspace/archive/voitures-2026/r8.png",51669,"2026-03-02T16:01:34"
"/Users/alexis/.openclaw/workspace/archive/voitures-2026/r9.png",51669,"2026-03-02T16:01:34"
"/Users/alexis/.openclaw/workspace/archive/voitures-2026/recherche-xc90-parking.md",2625,"2026-03-02T16:01:34"
"/Users/alexis/.openclaw/workspace/archive/voitures-2026/s1.png",52051,"2026-03-02T16:01:34"
"/Users/alexis/.openclaw/workspace/archive/voitures-2026/s10.png",97576,"2026-03-02T16:01:34"
"/Users/alexis/.openclaw/workspace/archive/voitures-2026/s11.png",92909,"2026-03-02T16:01:34"
"/Users/alexis/.openclaw/workspace/archive/voitures-2026/s12.png",94384,"2026-03-02T16:01:34"
"/Users/alexis/.openclaw/workspace/archive/voitures-2026/s13.png",94026,"2026-03-02T16:01:34"
"/Users/alexis/.openclaw/workspace/archive/voitures-2026/s14.png",95938,"2026-03-02T16:01:34"
"/Users/alexis/.openclaw/workspace/archive/voitures-2026/s15.png",97048,"2026-03-02T16:01:34"
"/Users/alexis/.openclaw/workspace/archive/voitures-2026/s16.png",92993,"2026-03-02T16:01:34"
"/Users/alexis/.openclaw/workspace/archive/voitures-2026/s17.png",95420,"2026-03-02T16:01:34"
"/Users/alexis/.openclaw/workspace/archive/voitures-2026/s18.png",97535,"2026-03-02T16:01:34"
"/Users/alexis/.openclaw/workspace/archive/voitures-2026/s19.png",96392,"2026-03-02T16:01:34"
"/Users/alexis/.openclaw/workspace/archive/voitures-2026/s2.png",96406,"2026-03-02T16:01:34"
"/Users/alexis/.openclaw/workspace/archive/voitures-2026/s20.png",92950,"2026-03-02T16:01:34"
"/Users/alexis/.openclaw/workspace/archive/voitures-2026/s21.png",91767,"2026-03-02T16:01:34"
"/Users/alexis/.openclaw/workspace/archive/voitures-2026/s22.png",95603,"2026-03-02T16:01:34"
"/Users/alexis/.openclaw/workspace/archive/voitures-2026/s23.png",94899,"2026-03-02T16:01:34"
"/Users/alexis/.openclaw/workspace/archive/voitures-2026/s24.png",95025,"2026-03-02T16:01:34"
"/Users/alexis/.openclaw/workspace/archive/voitures-2026/s25.png",97100,"2026-03-02T16:01:34"
"/Users/alexis/.openclaw/workspace/archive/voitures-2026/s26.png",94585,"2026-03-02T16:01:34"
"/Users/alexis/.openclaw/workspace/archive/voitures-2026/s27.png",94880,"2026-03-02T16:01:34"
"/Users/alexis/.openclaw/workspace/archive/voitures-2026/s28.png",94238,"2026-03-02T16:01:34"
"/Users/alexis/.openclaw/workspace/archive/voitures-2026/s29.png",93703,"2026-03-02T16:01:34"
"/Users/alexis/.openclaw/workspace/archive/voitures-2026/s3.png",96075,"2026-03-02T16:01:34"
"/Users/alexis/.openclaw/workspace/archive/voitures-2026/s4.png",96575,"2026-03-02T16:01:34"
"/Users/alexis/.openclaw/workspace/archive/voitures-2026/s5.png",95868,"2026-03-02T16:01:34"
"/Users/alexis/.openclaw/workspace/archive/voitures-2026/s6.png",96329,"2026-03-02T16:01:34"
"/Users/alexis/.openclaw/workspace/archive/voitures-2026/s7.png",90079,"2026-03-02T16:01:34"
"/Users/alexis/.openclaw/workspace/archive/voitures-2026/s8.png",92057,"2026-03-02T16:01:34"
"/Users/alexis/.openclaw/workspace/archive/voitures-2026/s9.png",96038,"2026-03-02T16:01:34"
"/Users/alexis/.openclaw/workspace/archive/voitures-2026/step10.png",91622,"2026-03-02T16:01:34"
"/Users/alexis/.openclaw/workspace/archive/voitures-2026/step11.png",92158,"2026-03-02T16:01:34"
"/Users/alexis/.openclaw/workspace/archive/voitures-2026/step12.png",98813,"2026-03-02T16:01:34"
"/Users/alexis/.openclaw/workspace/archive/voitures-2026/step13.png",95242,"2026-03-02T16:01:34"
"/Users/alexis/.openclaw/workspace/archive/voitures-2026/step14.png",93162,"2026-03-02T16:01:34"
"/Users/alexis/.openclaw/workspace/archive/voitures-2026/step15.png",94601,"2026-03-02T16:01:34"
"/Users/alexis/.openclaw/workspace/archive/voitures-2026/step16.png",96994,"2026-03-02T16:01:34"
"/Users/alexis/.openclaw/workspace/archive/voitures-2026/step17.png",95309,"2026-03-02T16:01:34"
"/Users/alexis/.openclaw/workspace/archive/voitures-2026/step18.png",92034,"2026-03-02T16:01:34"
"/Users/alexis/.openclaw/workspace/archive/voitures-2026/step19.png",94671,"2026-03-02T16:01:34"
"/Users/alexis/.openclaw/workspace/archive/voitures-2026/step2.png",89553,"2026-03-02T16:01:34"
"/Users/alexis/.openclaw/workspace/archive/voitures-2026/step20.png",97482,"2026-03-02T16:01:34"
"/Users/alexis/.openclaw/workspace/archive/voitures-2026/step21.png",97816,"2026-03-02T16:01:34"
"/Users/alexis/.openclaw/workspace/archive/voitures-2026/step22.png",93275,"2026-03-02T16:01:34"
"/Users/alexis/.openclaw/workspace/archive/voitures-2026/step23.png",91552,"2026-03-02T16:01:34"
"/Users/alexis/.openclaw/workspace/archive/voitures-2026/step24.png",94048,"2026-03-02T16:01:34"
"/Users/alexis/.openclaw/workspace/archive/voitures-2026/step25.png",95685,"2026-03-02T16:01:34"
"/Users/alexis/.openclaw/workspace/archive/voitures-2026/step26.png",98051,"2026-03-02T16:01:34"
"/Users/alexis/.openclaw/workspace/archive/voitures-2026/step27.png",94478,"2026-03-02T16:01:34"
"/Users/alexis/.openclaw/workspace/archive/voitures-2026/step28.png",91783,"2026-03-02T16:01:34"
"/Users/alexis/.openclaw/workspace/archive/voitures-2026/step29.png",94143,"2026-03-02T16:01:34"
"/Users/alexis/.openclaw/workspace/archive/voitures-2026/step3.png",93313,"2026-03-02T16:01:34"
"/Users/alexis/.openclaw/workspace/archive/voitures-2026/step30.png",94340,"2026-03-02T16:01:34"
"/Users/alexis/.openclaw/workspace/archive/voitures-2026/step31.png",95718,"2026-03-02T16:01:34"
"/Users/alexis/.openclaw/workspace/archive/voitures-2026/step32.png",94619,"2026-03-02T16:01:34"
"/Users/alexis/.openclaw/workspace/archive/voitures-2026/step33.png",92161,"2026-03-02T16:01:34"
"/Users/alexis/.openclaw/workspace/archive/voitures-2026/step34.png",97772,"2026-03-02T16:01:34"
"/Users/alexis/.openclaw/workspace/archive/voitures-2026/step4.png",96617,"2026-03-02T16:01:34"
"/Users/alexis/.openclaw/workspace/archive/voitures-2026/step5.png",95326,"2026-03-02T16:01:34"
"/Users/alexis/.openclaw/workspace/archive/voitures-2026/step6.png",92914,"2026-03-02T16:01:34"
"/Users/alexis/.openclaw/workspace/archive/voitures-2026/step7.png",95991,"2026-03-02T16:01:34"
"/Users/alexis/.openclaw/workspace/archive/voitures-2026/step8.png",97368,"2026-03-02T16:01:34"
"/Users/alexis/.openclaw/workspace/archive/voitures-2026/step9.png",93997,"2026-03-02T16:01:34"
"/Users/alexis/.openclaw/workspace/archive/voitures-2026/step_roulante.png",52148,"2026-03-02T16:01:34"
"/Users/alexis/.openclaw/workspace/archive/voitures-2026/step_version.png",79286,"2026-03-02T16:01:34"
"/Users/alexis/.openclaw/workspace/archive/voitures-2026/verify_cars.sh",2828,"2026-03-02T16:01:34"
"/Users/alexis/.openclaw/workspace/archive/voitures-2026/verify_cars_v2.sh",3725,"2026-03-02T16:01:34"
"/Users/alexis/.openclaw/workspace/canvas/index.html",3663,"2026-03-02T16:01:48"
"/Users/alexis/.openclaw/workspace/config/mcporter.json",413,"2026-03-02T16:01:34"
"/Users/alexis/.openclaw/workspace/config/mission-control.json",296,"2026-03-02T16:01:34"
"/Users/alexis/.openclaw/workspace/context/prospects-clawdbot.md",1580,"2026-03-02T16:01:34"
"/Users/alexis/.openclaw/workspace/context/style_substack.md",14488,"2026-03-02T16:01:34"
"/Users/alexis/.openclaw/workspace/context/substack_export/email_list.alexisbidinot.csv",17125,"2026-03-02T16:01:34"
"/Users/alexis/.openclaw/workspace/context/substack_export/posts.csv",5036,"2026-03-02T16:01:34"
"/Users/alexis/.openclaw/workspace/context/substack_export/posts/136268675.305.html",147,"2026-03-02T16:01:34"
"/Users/alexis/.openclaw/workspace/context/substack_export/posts/137267190.nos-secrets-pour-des-tarifs-vraiment.html",9260,"2026-03-02T16:01:34"
"/Users/alexis/.openclaw/workspace/context/substack_export/posts/137267227.tech-on-a-cree-un-protocole-sur-mesure.html",9401,"2026-03-02T16:01:34"
"/Users/alexis/.openclaw/workspace/context/substack_export/posts/184539780.qiara-cest-fini.html",2404,"2026-03-02T16:01:34"
"/Users/alexis/.openclaw/workspace/context/substack_export/posts/184884666.delivers.csv",15325,"2026-03-02T16:01:34"
"/Users/alexis/.openclaw/workspace/context/substack_export/posts/184884666.opens.csv",44161,"2026-03-02T16:01:34"
"/Users/alexis/.openclaw/workspace/context/substack_export/posts/184884666.tas-trouve-un-job.html",6861,"2026-03-02T16:01:34"
"/Users/alexis/.openclaw/workspace/context/substack_export/posts/185560385.accoucher.html",9919,"2026-03-02T16:01:34"
"/Users/alexis/.openclaw/workspace/context/substack_export/posts/185560385.delivers.csv",18253,"2026-03-02T16:01:34"
"/Users/alexis/.openclaw/workspace/context/substack_export/posts/185560385.opens.csv",57293,"2026-03-02T16:01:34"
"/Users/alexis/.openclaw/workspace/context/substack_export/posts/186330602.08b.html",7,"2026-03-02T16:01:34"
"/Users/alexis/.openclaw/workspace/context/substack_export/posts/186330660.je-suis-comme-un-gosse.html",7656,"2026-03-02T16:01:34"
"/Users/alexis/.openclaw/workspace/context/substack_export/posts/38169049.how-to-use-the-substack-editor.html",8820,"2026-03-02T16:01:34"
"/Users/alexis/.openclaw/workspace/context/substack_export/posts/38169050.coming-soon.html",213,"2026-03-02T16:01:34"
"/Users/alexis/.openclaw/workspace/context/substack_export/posts/38169228.delivers.csv",299,"2026-03-02T16:01:34"
"/Users/alexis/.openclaw/workspace/context/substack_export/posts/38169228.opens.csv",642,"2026-03-02T16:01:34"
"/Users/alexis/.openclaw/workspace/context/substack_export/posts/38169228.surmonter-la-resistance-ecrire-et.html",31482,"2026-03-02T16:01:34"
"/Users/alexis/.openclaw/workspace/context/substack_export/posts/38169929.clicks.csv",4174,"2026-03-02T16:01:34"
"/Users/alexis/.openclaw/workspace/context/substack_export/posts/38169929.delivers.csv",7981,"2026-03-02T16:01:34"
"/Users/alexis/.openclaw/workspace/context/substack_export/posts/38169929.opens.csv",35611,"2026-03-02T16:01:34"
"/Users/alexis/.openclaw/workspace/context/substack_export/posts/38169929.quel-est-le-secret-du-succes-.html",39062,"2026-03-02T16:01:34"
"/Users/alexis/.openclaw/workspace/context/substack_export/posts/38398558.mes-livres-preferes.html",17748,"2026-03-02T16:01:34"
"/Users/alexis/.openclaw/workspace/context/substack_export/posts/38428320.mes-livres-preferes-3e8.html",19688,"2026-03-02T16:01:34"
"/Users/alexis/.openclaw/workspace/context/substack_export/posts/38453210.innover-dans-des-industries-endormies.html",40987,"2026-03-02T16:01:34"
"/Users/alexis/.openclaw/workspace/context/substack_export/posts/38488597.trouver-ladequation-avec-le-marche.html",23320,"2026-03-02T16:01:34"
"/Users/alexis/.openclaw/workspace/context/substack_export/posts/38496271.clicks.csv",4122,"2026-03-02T16:01:34"
"/Users/alexis/.openclaw/workspace/context/substack_export/posts/38496271.comment-creer-quelque-chose-que-les.html",44873,"2026-03-02T16:01:34"
"/Users/alexis/.openclaw/workspace/context/substack_export/posts/38496271.delivers.csv",8963,"2026-03-02T16:01:34"
"/Users/alexis/.openclaw/workspace/context/substack_export/posts/38496271.opens.csv",82149,"2026-03-02T16:01:34"
"/Users/alexis/.openclaw/workspace/context/substack_export/posts/38576272.go-to-market-b2c.html",19523,"2026-03-02T16:01:34"
"/Users/alexis/.openclaw/workspace/context/substack_export/posts/38806509.comment-transformer-une-idee-en-business.html",51800,"2026-03-02T16:01:34"
"/Users/alexis/.openclaw/workspace/context/substack_export/posts/38932808.limpact-du-teletravail-sur-nos-vies.html",31612,"2026-03-02T16:01:34"
"/Users/alexis/.openclaw/workspace/context/substack_export/posts/38934676.ma-reading-list-blogs-reportages.html",11642,"2026-03-02T16:01:34"
"/Users/alexis/.openclaw/workspace/context/substack_export/posts/38990035.methode-et-exemples-pour-trouver.html",45494,"2026-03-02T16:01:34"
"/Users/alexis/.openclaw/workspace/context/substack_export/posts/38996545.execution-idee-on-se-fout-de-vos.html",33242,"2026-03-02T16:01:34"
"/Users/alexis/.openclaw/workspace/context/substack_export/posts/39064567.accompagnement-growth-en-france.html",5573,"2026-03-02T16:01:34"
"/Users/alexis/.openclaw/workspace/context/substack_export/posts/39286028.trouver-le-product-market-fit.html",17026,"2026-03-02T16:01:34"
"/Users/alexis/.openclaw/workspace/context/substack_export/posts/39748186.exemples-des-meilleurs-protocoles.html",35941,"2026-03-02T16:01:34"
"/Users/alexis/.openclaw/workspace/context/substack_export/posts/40336072.la-prochaine-vague-les-communautes.html",5913,"2026-03-02T16:01:34"
"/Users/alexis/.openclaw/workspace/context/substack_export/posts/41232518.acheter-ou-louer-sa-residence-principale.html",47235,"2026-03-02T16:01:34"
"/Users/alexis/.openclaw/workspace/context/substack_export/posts/41232518.clicks.csv",7791,"2026-03-02T16:01:34"
"/Users/alexis/.openclaw/workspace/context/substack_export/posts/41232518.delivers.csv",10041,"2026-03-02T16:01:34"
"/Users/alexis/.openclaw/workspace/context/substack_export/posts/41232518.opens.csv",86017,"2026-03-02T16:01:34"
"/Users/alexis/.openclaw/workspace/context/substack_export/posts/43234856.6-conseils-pour-valider-que-vous.html",26460,"2026-03-02T16:01:34"
"/Users/alexis/.openclaw/workspace/context/substack_export/posts/43234856.clicks.csv",3602,"2026-03-02T16:01:34"
"/Users/alexis/.openclaw/workspace/context/substack_export/posts/43234856.delivers.csv",9469,"2026-03-02T16:01:34"
"/Users/alexis/.openclaw/workspace/context/substack_export/posts/43234856.opens.csv",32178,"2026-03-02T16:01:34"
"/Users/alexis/.openclaw/workspace/context/substack_export/posts/44396388.comment-gerer-son-temps-et-ses-priorites.html",12705,"2026-03-02T16:01:34"
"/Users/alexis/.openclaw/workspace/context/substack_export/posts/44520087.comment-presenter-ses-idees.html",1342,"2026-03-02T16:01:34"
"/Users/alexis/.openclaw/workspace/context/substack_export/posts/49121960.pourquoi-tout-le-monde-dit-que-le.html",1997,"2026-03-02T16:01:34"
"/Users/alexis/.openclaw/workspace/context/substack_export/posts/50447453.delivers.csv",12337,"2026-03-02T16:01:34"
"/Users/alexis/.openclaw/workspace/context/substack_export/posts/50447453.opens.csv",55772,"2026-03-02T16:01:34"
"/Users/alexis/.openclaw/workspace/context/substack_export/posts/50447453.remote-or-not-remote.html",32931,"2026-03-02T16:01:34"
"/Users/alexis/.openclaw/workspace/context/substack_export/posts/51247905.953.html",7,"2026-03-02T16:01:34"
"/Users/alexis/.openclaw/workspace/context/substack_export/posts/51248831.7d6.html",7,"2026-03-02T16:01:34"
"/Users/alexis/.openclaw/workspace/context/substack_export/posts/51439109.c38.html",7,"2026-03-02T16:01:34"
"/Users/alexis/.openclaw/workspace/context/substack_export/posts/51859337.creer-pour-donner-du-sens.html",967,"2026-03-02T16:01:34"
"/Users/alexis/.openclaw/workspace/context/substack_export/posts/52065759.quel-avenir-pour-le-teletravail.html",33090,"2026-03-02T16:01:34"
"/Users/alexis/.openclaw/workspace/context/substack_export/posts/71496524.reprendre-une-entreprise.html",12668,"2026-03-02T16:01:34"
"/Users/alexis/.openclaw/workspace/context/substack_export/posts/71514797.coaching-psy-mentor-avoir-le-courage.html",7402,"2026-03-02T16:01:34"
"/Users/alexis/.openclaw/workspace/context/substack_export/posts/71518543.delivers.csv",12493,"2026-03-02T16:01:34"
"/Users/alexis/.openclaw/workspace/context/substack_export/posts/71518543.opens.csv",50368,"2026-03-02T16:01:34"
"/Users/alexis/.openclaw/workspace/context/substack_export/posts/71518543.sortir-de-lhyper-activisme.html",28785,"2026-03-02T16:01:34"
"/Users/alexis/.openclaw/workspace/context/substack_export/posts/71523342.organiser-une-equipe.html",33961,"2026-03-02T16:01:34"
"/Users/alexis/.openclaw/workspace/context/substack_export/posts/72964933.on-vit-a-lis-on-meurt-a-lir.html",14976,"2026-03-02T16:01:34"
"/Users/alexis/.openclaw/workspace/context/substack_export/posts/72965544.changer-notre-management.html",4580,"2026-03-02T16:01:34"
"/Users/alexis/.openclaw/workspace/context/substack_export/posts/73586156.archives-les-impacts-du-remote.html",13154,"2026-03-02T16:01:34"
"/Users/alexis/.openclaw/workspace/context/substack_export/posts/73608587.delivers.csv",14429,"2026-03-02T16:01:34"
"/Users/alexis/.openclaw/workspace/context/substack_export/posts/73608587.opens.csv",50820,"2026-03-02T16:01:34"
"/Users/alexis/.openclaw/workspace/context/substack_export/posts/73608587.se-concentrer-sur-limportant.html",32506,"2026-03-02T16:01:34"
"/Users/alexis/.openclaw/workspace/context/substack_export/posts/75969151.freelance-ou-cdi.html",12587,"2026-03-02T16:01:34"
"/Users/alexis/.openclaw/workspace/context/voice.md",4520,"2026-03-02T16:01:34"
"/Users/alexis/.openclaw/workspace/data/files.json",33312,"2026-03-02T16:01:48"
"/Users/alexis/.openclaw/workspace/data/models.json",3938,"2026-03-02T16:01:48"
"/Users/alexis/.openclaw/workspace/data/tasks.json",19175,"2026-03-02T16:01:48"
"/Users/alexis/.openclaw/workspace/factures/Facture_073_SineQuaNon_Assurances.md",1176,"2026-03-02T16:01:48"
"/Users/alexis/.openclaw/workspace/ideas/drafts/2026-01-30-ai-contract-checker.md",13272,"2026-03-02T16:01:48"
"/Users/alexis/.openclaw/workspace/ideas/drafts/2026-01-30-linkedin-contract-checker.md",3405,"2026-03-02T16:01:48"
"/Users/alexis/.openclaw/workspace/ideas/drafts/2026-01-30-messages-prospects-clawdbot.md",3317,"2026-03-02T16:01:48"
"/Users/alexis/.openclaw/workspace/ideas/drafts/2026-01-30-plan-clawdbot-pme.md",9850,"2026-03-02T16:01:48"
"/Users/alexis/.openclaw/workspace/ideas/drafts/2026-01-30-reponses-emails.md",5169,"2026-03-02T16:01:48"
"/Users/alexis/.openclaw/workspace/ideas/drafts/2026-01-30-substack-contrats-pme.md",6228,"2026-03-02T16:01:48"
"/Users/alexis/.openclaw/workspace/ideas/drafts/2026-01-31-benchmark-agents-ia.md",3493,"2026-03-02T16:01:48"
"/Users/alexis/.openclaw/workspace/ideas/drafts/2026-01-31-linkedin-ao-publics.md",4853,"2026-03-02T16:01:48"
"/Users/alexis/.openclaw/workspace/ideas/drafts/2026-01-31-naming-propositions.md",10965,"2026-03-02T16:01:48"
"/Users/alexis/.openclaw/workspace/ideas/drafts/2026-01-31-reponse-ao-publics.md",14108,"2026-03-02T16:01:48"
"/Users/alexis/.openclaw/workspace/ideas/drafts/2026-01-31-strategie-acquisition-deploiement.md",16667,"2026-03-02T16:01:48"
"/Users/alexis/.openclaw/workspace/ideas/drafts/2026-01-31-substack-ao-publics.md",5943,"2026-03-02T16:01:48"
"/Users/alexis/.openclaw/workspace/ideas/drafts/2026-01-31-synthese-landing-pages.md",6623,"2026-03-02T16:01:48"
"/Users/alexis/.openclaw/workspace/ideas/drafts/2026-02-01-formation-entreprendre-ia.md",11877,"2026-03-02T16:01:48"
"/Users/alexis/.openclaw/workspace/ideas/drafts/2026-02-01-landing-page-formation.md",5742,"2026-03-02T16:01:48"
"/Users/alexis/.openclaw/workspace/ideas/drafts/2026-02-01-linkedin-formation-ia.md",4779,"2026-03-02T16:01:48"
"/Users/alexis/.openclaw/workspace/ideas/drafts/2026-02-01-substack-formation-ia.md",5546,"2026-03-02T16:01:48"
"/Users/alexis/.openclaw/workspace/ideas/drafts/2026-02-02-business-review-generator.md",13516,"2026-03-02T16:01:48"
"/Users/alexis/.openclaw/workspace/ideas/drafts/2026-02-02-linkedin-business-review.md",3421,"2026-03-02T16:01:48"
"/Users/alexis/.openclaw/workspace/ideas/drafts/2026-02-02-substack-automatiser-reporting.md",5215,"2026-03-02T16:01:48"
"/Users/alexis/.openclaw/workspace/ideas/drafts/2026-02-03-linkedin-ma-agent.md",6263,"2026-03-02T16:01:48"
"/Users/alexis/.openclaw/workspace/ideas/drafts/2026-02-03-ma-agent-banque-affaires.md",16773,"2026-03-02T16:01:48"
"/Users/alexis/.openclaw/workspace/ideas/drafts/2026-02-03-recap-alexis.md",5345,"2026-03-02T16:01:48"
"/Users/alexis/.openclaw/workspace/ideas/drafts/2026-02-03-substack-democratiser-ma.md",12525,"2026-03-02T16:01:48"
"/Users/alexis/.openclaw/workspace/ideas/drafts/2026-02-04-insights-marche-prospection.md",9881,"2026-03-02T16:01:48"
"/Users/alexis/.openclaw/workspace/ideas/drafts/2026-02-04-linkedin-prospectpilot.md",6635,"2026-03-02T16:01:48"
"/Users/alexis/.openclaw/workspace/ideas/drafts/2026-02-04-outil-prospection-exa.md",16996,"2026-03-02T16:01:48"
"/Users/alexis/.openclaw/workspace/ideas/drafts/2026-02-04-recap-alexis.md",5438,"2026-03-02T16:01:48"
"/Users/alexis/.openclaw/workspace/ideas/drafts/2026-02-04-substack-casser-prospection.md",12716,"2026-03-02T16:01:48"
"/Users/alexis/.openclaw/workspace/ideas/drafts/2026-02-05-prospectpilot.md",16733,"2026-03-02T16:01:48"
"/Users/alexis/.openclaw/workspace/ideas/drafts/2026-02-16-ia-sante-mentale-entreprises.md",14907,"2026-03-02T16:01:48"
"/Users/alexis/.openclaw/workspace/ideas/drafts/2026-02-17-ai-contract-checker.md",9823,"2026-03-02T16:01:48"
"/Users/alexis/.openclaw/workspace/ideas/drafts/2026-02-18-journalistes-fr-agent-rp.md",14199,"2026-03-02T16:01:48"
"/Users/alexis/.openclaw/workspace/ideas/drafts/2026-02-19-nps-review-generator.md",7162,"2026-03-02T16:01:48"
"/Users/alexis/.openclaw/workspace/ideas/drafts/2026-02-20-amorti-ai-tableau-amortissement.md",15038,"2026-03-02T16:01:48"
"/Users/alexis/.openclaw/workspace/ideas/drafts/landing-pages/final/index.html",32555,"2026-03-02T16:01:48"
"/Users/alexis/.openclaw/workspace/ideas/drafts/landing-pages/v1/index.html",18845,"2026-03-02T16:01:48"
"/Users/alexis/.openclaw/workspace/ideas/drafts/landing-pages/v2/index.html",20330,"2026-03-02T16:01:48"
"/Users/alexis/.openclaw/workspace/ideas/drafts/landing-pages/v3/index.html",28274,"2026-03-02T16:01:48"
"/Users/alexis/.openclaw/workspace/ideas/linkedin.md",6038,"2026-03-02T16:01:48"
"/Users/alexis/.openclaw/workspace/ideas/startups.md",19114,"2026-03-02T16:01:48"
"/Users/alexis/.openclaw/workspace/ideas/substack.md",9703,"2026-03-02T16:01:48"
"/Users/alexis/.openclaw/workspace/index.html",303347,"2026-03-02T16:01:34"
"/Users/alexis/.openclaw/workspace/life/areas/companies/almavi/items.json",268,"2026-03-02T16:01:48"
"/Users/alexis/.openclaw/workspace/life/areas/companies/almavi/summary.md",129,"2026-03-02T16:01:48"
"/Users/alexis/.openclaw/workspace/life/areas/companies/amb/email-clawdbot.md",852,"2026-03-02T16:01:48"
"/Users/alexis/.openclaw/workspace/life/areas/companies/amb/items.json",1026,"2026-03-02T16:01:48"
"/Users/alexis/.openclaw/workspace/life/areas/companies/amb/summary.md",1293,"2026-03-02T16:01:48"
"/Users/alexis/.openclaw/workspace/life/areas/people/alexandra/items.json",280,"2026-03-02T16:01:48"
"/Users/alexis/.openclaw/workspace/life/areas/people/alexandra/summary.md",69,"2026-03-02T16:01:48"
"/Users/alexis/.openclaw/workspace/life/areas/projects/email-assistant/summary.md",938,"2026-03-02T16:01:48"
"/Users/alexis/.openclaw/workspace/life/areas/projects/fiscalgpt/items.json",1487,"2026-03-02T16:01:48"
"/Users/alexis/.openclaw/workspace/life/areas/projects/fiscalgpt/summary.md",863,"2026-03-02T16:01:48"
"/Users/alexis/.openclaw/workspace/life/areas/projects/priorities-2026.md",2672,"2026-03-02T16:01:48"
"/Users/alexis/.openclaw/workspace/life/areas/projects/sip/items.json",1072,"2026-03-02T16:01:48"
"/Users/alexis/.openclaw/workspace/life/areas/projects/sip/summary.md",657,"2026-03-02T16:01:48"
"/Users/alexis/.openclaw/workspace/life/areas/projects/voiture-2026/items.json",1256,"2026-03-02T16:01:48"
"/Users/alexis/.openclaw/workspace/life/areas/projects/voiture-2026/summary.md",2659,"2026-03-02T16:01:48"
"/Users/alexis/.openclaw/workspace/memory/2025-05-15.md",2068,"2026-03-02T16:01:34"
"/Users/alexis/.openclaw/workspace/memory/2025-06-26.md",1252,"2026-03-02T16:01:34"
"/Users/alexis/.openclaw/workspace/memory/2026-01-30.md",2879,"2026-03-02T16:01:34"
"/Users/alexis/.openclaw/workspace/memory/2026-01-31.md",6133,"2026-03-02T16:01:34"
"/Users/alexis/.openclaw/workspace/memory/2026-02-01.md",5691,"2026-03-02T16:01:34"
"/Users/alexis/.openclaw/workspace/memory/2026-02-02-daily-prios.md",1231,"2026-03-02T16:01:34"
"/Users/alexis/.openclaw/workspace/memory/2026-02-02-greeting-chat.md",880,"2026-03-02T16:01:34"
"/Users/alexis/.openclaw/workspace/memory/2026-02-02-memory-priorities.md",1292,"2026-03-02T16:01:34"
"/Users/alexis/.openclaw/workspace/memory/2026-02-02-ok-test.md",1112,"2026-03-02T16:01:34"
"/Users/alexis/.openclaw/workspace/memory/2026-02-02-personal-info.md",2803,"2026-03-02T16:01:34"
"/Users/alexis/.openclaw/workspace/memory/2026-02-02-security-status.md",1780,"2026-03-02T16:01:34"
"/Users/alexis/.openclaw/workspace/memory/2026-02-02.md",4187,"2026-03-02T16:01:34"
"/Users/alexis/.openclaw/workspace/memory/2026-02-03.md",3197,"2026-03-02T16:01:34"
"/Users/alexis/.openclaw/workspace/memory/2026-02-04.md",2692,"2026-03-02T16:01:34"
"/Users/alexis/.openclaw/workspace/memory/2026-02-05.md",2453,"2026-03-02T16:01:34"
"/Users/alexis/.openclaw/workspace/memory/2026-02-16-1439.md",149,"2026-03-02T16:01:34"
"/Users/alexis/.openclaw/workspace/memory/2026-02-16-openai-key-check.md",2021,"2026-03-02T16:01:34"
"/Users/alexis/.openclaw/workspace/memory/2026-02-16-security-audit.md",4111,"2026-03-02T16:01:34"
"/Users/alexis/.openclaw/workspace/memory/2026-02-16.md",3276,"2026-03-02T16:01:34"
"/Users/alexis/.openclaw/workspace/memory/2026-02-17.md",3029,"2026-03-02T16:01:34"
"/Users/alexis/.openclaw/workspace/memory/2026-02-18.md",1465,"2026-03-02T16:01:34"
"/Users/alexis/.openclaw/workspace/memory/2026-02-19.md",1726,"2026-03-02T16:01:34"
"/Users/alexis/.openclaw/workspace/memory/2026-02-20.md",1896,"2026-03-02T16:01:34"
"/Users/alexis/.openclaw/workspace/memory/2026-02-26.md",3089,"2026-03-02T16:01:34"
"/Users/alexis/.openclaw/workspace/memory/2026-02-27.md",1306,"2026-03-02T16:01:34"
"/Users/alexis/.openclaw/workspace/memory/2026-02-28-2029.md",3858,"2026-03-02T16:01:34"
"/Users/alexis/.openclaw/workspace/memory/2026-02-28-2051.md",4388,"2026-03-02T16:01:34"
"/Users/alexis/.openclaw/workspace/memory/2026-02-28-api-rate-limits.md",5012,"2026-03-02T16:01:34"
"/Users/alexis/.openclaw/workspace/memory/2026-02-28-new-session-startup.md",1473,"2026-03-02T16:01:34"
"/Users/alexis/.openclaw/workspace/memory/2026-02-28-system-check.md",436,"2026-03-02T16:01:34"
"/Users/alexis/.openclaw/workspace/memory/2026-02-28.md",1276,"2026-03-02T16:01:34"
"/Users/alexis/.openclaw/workspace/memory/2026-03-01-forge-ia-pitch.md",6670,"2026-03-02T16:01:34"
"/Users/alexis/.openclaw/workspace/memory/2026-03-01-tesla-model-y.md",12046,"2026-03-02T16:01:34"
"/Users/alexis/.openclaw/workspace/memory/2026-03-01-x-feed-digest.md",18450,"2026-03-02T16:01:34"
"/Users/alexis/.openclaw/workspace/memory/2026-03-02-acpx-activation.md",5424,"2026-03-02T16:01:34"
"/Users/alexis/.openclaw/workspace/memory/WORKING.md",749,"2026-03-02T16:01:34"
"/Users/alexis/.openclaw/workspace/memory/extraction-state.json",127,"2026-03-02T16:01:34"
"/Users/alexis/.openclaw/workspace/memory/ontology/graph.jsonl",6561,"2026-03-02T16:01:34"
"/Users/alexis/.openclaw/workspace/memory/ontology/schema.yaml",290,"2026-03-02T16:01:34"
"/Users/alexis/.openclaw/workspace/outputs/research/f",13991,"2026-03-02T16:01:48"
"/Users/alexis/.openclaw/workspace/outputs/research/french-needs-ai-agents-deep-2026-02-16.md",13815,"2026-03-02T16:01:48"
"/Users/alexis/.openclaw/workspace/projects/andy-setup.md",753,"2026-03-02T16:01:48"
"/Users/alexis/.openclaw/workspace/projects/factures/facture-071-essec.html",7946,"2026-03-02T16:01:48"
"/Users/alexis/.openclaw/workspace/projects/factures/facture-071-essec.pdf",25032,"2026-03-02T16:01:48"
"/Users/alexis/.openclaw/workspace/projects/factures/facture-072-ept.html",7662,"2026-03-02T16:01:48"
"/Users/alexis/.openclaw/workspace/projects/factures/facture-072-ept.pdf",25044,"2026-03-02T16:01:48"
"/Users/alexis/.openclaw/workspace/projects/forge-ia/.DS_Store",6148,"2026-03-02T16:01:41"
"/Users/alexis/.openclaw/workspace/projects/forge-ia/.claude/settings.local.json",11534,"2026-03-02T16:01:47"
"/Users/alexis/.openclaw/workspace/projects/forge-ia/.env",1035,"2026-03-02T16:01:47"
"/Users/alexis/.openclaw/workspace/projects/forge-ia/.gitignore",62,"2026-03-02T16:01:47"
"/Users/alexis/.openclaw/workspace/projects/forge-ia/Architecture du schéma v4.md",67379,"2026-03-02T16:01:46"
"/Users/alexis/.openclaw/workspace/projects/forge-ia/Claude Code Flow Simple.md",13598,"2026-03-02T16:01:46"
"/Users/alexis/.openclaw/workspace/projects/forge-ia/Claude IA Code Landing.md",21134,"2026-03-02T16:01:48"
"/Users/alexis/.openclaw/workspace/projects/forge-ia/WHATSAPP-INTEGRATION.md",1926,"2026-03-02T16:01:47"
"/Users/alexis/.openclaw/workspace/projects/forge-ia/forge-ia/.DS_Store",6148,"2026-03-02T16:01:34"
"/Users/alexis/.openclaw/workspace/projects/forge-ia/forge-ia/.claude/settings.local.json",11534,"2026-03-02T16:01:41"
"/Users/alexis/.openclaw/workspace/projects/forge-ia/forge-ia/.env",1035,"2026-03-02T16:01:41"
"/Users/alexis/.openclaw/workspace/projects/forge-ia/forge-ia/.gitignore",80,"2026-03-02T16:01:41"
"/Users/alexis/.openclaw/workspace/projects/forge-ia/forge-ia/Architecture du schéma v4.md",67379,"2026-03-02T16:01:41"
"/Users/alexis/.openclaw/workspace/projects/forge-ia/forge-ia/Claude Code Flow Simple.md",13598,"2026-03-02T16:01:41"
"/Users/alexis/.openclaw/workspace/projects/forge-ia/forge-ia/Claude IA Code Landing.md",21134,"2026-03-02T16:01:41"
"/Users/alexis/.openclaw/workspace/projects/forge-ia/forge-ia/WHATSAPP-INTEGRATION.md",1926,"2026-03-02T16:01:41"
"/Users/alexis/.openclaw/workspace/projects/forge-ia/forge-ia/package-lock.json",23913,"2026-03-02T16:01:41"
"/Users/alexis/.openclaw/workspace/projects/forge-ia/forge-ia/package.json",555,"2026-03-02T16:01:41"
"/Users/alexis/.openclaw/workspace/projects/forge-ia/forge-ia/src/__tests__/deploy.test.ts",4100,"2026-03-02T16:01:41"
"/Users/alexis/.openclaw/workspace/projects/forge-ia/forge-ia/src/__tests__/templates.test.ts",6061,"2026-03-02T16:01:41"
"/Users/alexis/.openclaw/workspace/projects/forge-ia/forge-ia/src/__tests__/validate.test.ts",3954,"2026-03-02T16:01:41"
"/Users/alexis/.openclaw/workspace/projects/forge-ia/forge-ia/src/__tests__/workspace.test.ts",7026,"2026-03-02T16:01:41"
"/Users/alexis/.openclaw/workspace/projects/forge-ia/forge-ia/src/index.ts",5018,"2026-03-02T16:01:41"
"/Users/alexis/.openclaw/workspace/projects/forge-ia/forge-ia/src/lib/deploy-runner.ts",2018,"2026-03-02T16:01:41"
"/Users/alexis/.openclaw/workspace/projects/forge-ia/forge-ia/src/lib/deploy.ts",21899,"2026-03-02T16:01:41"
"/Users/alexis/.openclaw/workspace/projects/forge-ia/forge-ia/src/lib/hetzner.ts",3565,"2026-03-02T16:01:41"
"/Users/alexis/.openclaw/workspace/projects/forge-ia/forge-ia/src/lib/logger.ts",537,"2026-03-02T16:01:41"
"/Users/alexis/.openclaw/workspace/projects/forge-ia/forge-ia/src/lib/ssh.ts",4414,"2026-03-02T16:01:41"
"/Users/alexis/.openclaw/workspace/projects/forge-ia/forge-ia/src/lib/tests.ts",8023,"2026-03-02T16:01:41"
"/Users/alexis/.openclaw/workspace/projects/forge-ia/forge-ia/src/lib/validate.ts",4266,"2026-03-02T16:01:41"
"/Users/alexis/.openclaw/workspace/projects/forge-ia/forge-ia/src/lib/workspace.ts",5724,"2026-03-02T16:01:41"
"/Users/alexis/.openclaw/workspace/projects/forge-ia/forge-ia/src/templates/AGENTS.md.ts",739,"2026-03-02T16:01:41"
"/Users/alexis/.openclaw/workspace/projects/forge-ia/forge-ia/src/templates/BOOT.md.ts",180,"2026-03-02T16:01:41"
"/Users/alexis/.openclaw/workspace/projects/forge-ia/forge-ia/src/templates/HEARTBEAT.md.ts",570,"2026-03-02T16:01:41"
"/Users/alexis/.openclaw/workspace/projects/forge-ia/forge-ia/src/templates/IDENTITY.md.ts",378,"2026-03-02T16:01:41"
"/Users/alexis/.openclaw/workspace/projects/forge-ia/forge-ia/src/templates/SOUL.md.ts",1134,"2026-03-02T16:01:41"
"/Users/alexis/.openclaw/workspace/projects/forge-ia/forge-ia/src/templates/TOOLS.md.ts",806,"2026-03-02T16:01:41"
"/Users/alexis/.openclaw/workspace/projects/forge-ia/forge-ia/src/templates/USER.md.ts",791,"2026-03-02T16:01:41"
"/Users/alexis/.openclaw/workspace/projects/forge-ia/forge-ia/src/types.ts",4098,"2026-03-02T16:01:41"
"/Users/alexis/.openclaw/workspace/projects/forge-ia/forge-ia/tsconfig.json",1095,"2026-03-02T16:01:41"
"/Users/alexis/.openclaw/workspace/projects/forge-ia/forge-ia/web/.env.example",252,"2026-03-02T16:01:41"
"/Users/alexis/.openclaw/workspace/projects/forge-ia/forge-ia/web/.env.local",920,"2026-03-02T16:01:34"
"/Users/alexis/.openclaw/workspace/projects/forge-ia/forge-ia/web/.gitignore",71,"2026-03-02T16:01:41"
"/Users/alexis/.openclaw/workspace/projects/forge-ia/forge-ia/web/.vercel/README.txt",520,"2026-03-02T16:01:34"
"/Users/alexis/.openclaw/workspace/projects/forge-ia/forge-ia/web/.vercel/project.json",108,"2026-03-02T16:01:34"
"/Users/alexis/.openclaw/workspace/projects/forge-ia/forge-ia/web/e2e/user-journey.spec.ts",3812,"2026-03-02T16:01:41"
"/Users/alexis/.openclaw/workspace/projects/forge-ia/forge-ia/web/middleware.d.ts.map",239,"2026-03-02T16:01:39"
"/Users/alexis/.openclaw/workspace/projects/forge-ia/forge-ia/web/middleware.js.map",1478,"2026-03-02T16:01:41"
"/Users/alexis/.openclaw/workspace/projects/forge-ia/forge-ia/web/middleware.ts",1533,"2026-03-02T16:01:34"
"/Users/alexis/.openclaw/workspace/projects/forge-ia/forge-ia/web/next-env.d.ts",262,"2026-03-02T16:01:41"
"/Users/alexis/.openclaw/workspace/projects/forge-ia/forge-ia/web/next.config.d.ts.map",210,"2026-03-02T16:01:34"
"/Users/alexis/.openclaw/workspace/projects/forge-ia/forge-ia/web/next.config.js.map",183,"2026-03-02T16:01:41"
"/Users/alexis/.openclaw/workspace/projects/forge-ia/forge-ia/web/next.config.ts",141,"2026-03-02T16:01:41"
"/Users/alexis/.openclaw/workspace/projects/forge-ia/forge-ia/web/package-lock.json",81677,"2026-03-02T16:01:41"
"/Users/alexis/.openclaw/workspace/projects/forge-ia/forge-ia/web/package.json",770,"2026-03-02T16:01:41"
"/Users/alexis/.openclaw/workspace/projects/forge-ia/forge-ia/web/playwright.config.ts",390,"2026-03-02T16:01:41"
"/Users/alexis/.openclaw/workspace/projects/forge-ia/forge-ia/web/postcss.config.mjs",94,"2026-03-02T16:01:34"
"/Users/alexis/.openclaw/workspace/projects/forge-ia/forge-ia/web/scripts/create-leo-agent.d.ts.map",137,"2026-03-02T16:01:41"
"/Users/alexis/.openclaw/workspace/projects/forge-ia/forge-ia/web/scripts/create-leo-agent.js.map",1937,"2026-03-02T16:01:41"
"/Users/alexis/.openclaw/workspace/projects/forge-ia/forge-ia/web/scripts/create-leo-agent.ts",2258,"2026-03-02T16:01:41"
"/Users/alexis/.openclaw/workspace/projects/forge-ia/forge-ia/web/src/app/api/chat/route.ts",1095,"2026-03-02T16:01:41"
"/Users/alexis/.openclaw/workspace/projects/forge-ia/forge-ia/web/src/app/api/deploy/route.ts",8547,"2026-03-02T16:01:41"
"/Users/alexis/.openclaw/workspace/projects/forge-ia/forge-ia/web/src/app/api/save-config/route.ts",1426,"2026-03-02T16:01:41"
"/Users/alexis/.openclaw/workspace/projects/forge-ia/forge-ia/web/src/app/api/signed-url/route.ts",1142,"2026-03-02T16:01:41"
"/Users/alexis/.openclaw/workspace/projects/forge-ia/forge-ia/web/src/app/chat/page.tsx",834,"2026-03-02T16:01:41"
"/Users/alexis/.openclaw/workspace/projects/forge-ia/forge-ia/web/src/app/conversation/page.tsx",161,"2026-03-02T16:01:41"
"/Users/alexis/.openclaw/workspace/projects/forge-ia/forge-ia/web/src/app/deployment/page.tsx",153,"2026-03-02T16:01:41"
"/Users/alexis/.openclaw/workspace/projects/forge-ia/forge-ia/web/src/app/globals.css",4768,"2026-03-02T16:01:41"
"/Users/alexis/.openclaw/workspace/projects/forge-ia/forge-ia/web/src/app/hero-a/page.tsx",796,"2026-03-02T16:01:41"
"/Users/alexis/.openclaw/workspace/projects/forge-ia/forge-ia/web/src/app/hero-b/page.tsx",796,"2026-03-02T16:01:41"
"/Users/alexis/.openclaw/workspace/projects/forge-ia/forge-ia/web/src/app/layout.tsx",1039,"2026-03-02T16:01:41"
"/Users/alexis/.openclaw/workspace/projects/forge-ia/forge-ia/web/src/app/onboarding-a/page.tsx",254,"2026-03-02T16:01:41"
"/Users/alexis/.openclaw/workspace/projects/forge-ia/forge-ia/web/src/app/onboarding-b/page.tsx",1179,"2026-03-02T16:01:41"
"/Users/alexis/.openclaw/workspace/projects/forge-ia/forge-ia/web/src/app/onboarding/page.tsx",2749,"2026-03-02T16:01:41"
"/Users/alexis/.openclaw/workspace/projects/forge-ia/forge-ia/web/src/app/page.original.tsx",4474,"2026-03-02T16:01:41"
"/Users/alexis/.openclaw/workspace/projects/forge-ia/forge-ia/web/src/app/page.tsx",795,"2026-03-02T16:01:41"
"/Users/alexis/.openclaw/workspace/projects/forge-ia/forge-ia/web/src/app/ready/page.tsx",11693,"2026-03-02T16:01:41"
"/Users/alexis/.openclaw/workspace/projects/forge-ia/forge-ia/web/src/app/recommendations/page.tsx",1199,"2026-03-02T16:01:41"
"/Users/alexis/.openclaw/workspace/projects/forge-ia/forge-ia/web/src/app/signin/page.tsx",3503,"2026-03-02T16:01:41"
"/Users/alexis/.openclaw/workspace/projects/forge-ia/forge-ia/web/src/app/signup/page.tsx",3536,"2026-03-02T16:01:41"
"/Users/alexis/.openclaw/workspace/projects/forge-ia/forge-ia/web/src/components/chat/ChatBubble.tsx",656,"2026-03-02T16:01:41"
"/Users/alexis/.openclaw/workspace/projects/forge-ia/forge-ia/web/src/components/chat/ChatInterface.tsx",10879,"2026-03-02T16:01:41"
"/Users/alexis/.openclaw/workspace/projects/forge-ia/forge-ia/web/src/components/chat/TypingIndicator.tsx",463,"2026-03-02T16:01:41"
"/Users/alexis/.openclaw/workspace/projects/forge-ia/forge-ia/web/src/components/chat/VoiceButton.tsx",1096,"2026-03-02T16:01:41"
"/Users/alexis/.openclaw/workspace/projects/forge-ia/forge-ia/web/src/components/conversation-view.tsx",6683,"2026-03-02T16:01:41"
"/Users/alexis/.openclaw/workspace/projects/forge-ia/forge-ia/web/src/components/cta/FinalCTA.tsx",3181,"2026-03-02T16:01:41"
"/Users/alexis/.openclaw/workspace/projects/forge-ia/forge-ia/web/src/components/deployment-view.tsx",14742,"2026-03-02T16:01:41"
"/Users/alexis/.openclaw/workspace/projects/forge-ia/forge-ia/web/src/components/faq/AccordionItem.tsx",1769,"2026-03-02T16:01:41"
"/Users/alexis/.openclaw/workspace/projects/forge-ia/forge-ia/web/src/components/faq/FAQ.tsx",3258,"2026-03-02T16:01:41"
"/Users/alexis/.openclaw/workspace/projects/forge-ia/forge-ia/web/src/components/footer/Footer.tsx",1949,"2026-03-02T16:01:41"
"/Users/alexis/.openclaw/workspace/projects/forge-ia/forge-ia/web/src/components/hero/HeroVersionA.tsx",5130,"2026-03-02T16:01:41"
"/Users/alexis/.openclaw/workspace/projects/forge-ia/forge-ia/web/src/components/hero/HeroVersionB.tsx",5065,"2026-03-02T16:01:41"
"/Users/alexis/.openclaw/workspace/projects/forge-ia/forge-ia/web/src/components/how-it-works/HowItWorks.tsx",7099,"2026-03-02T16:01:41"
"/Users/alexis/.openclaw/workspace/projects/forge-ia/forge-ia/web/src/components/how-it-works/StepCard.tsx",1247,"2026-03-02T16:01:41"
"/Users/alexis/.openclaw/workspace/projects/forge-ia/forge-ia/web/src/components/nav/Navbar.tsx",4479,"2026-03-02T16:01:41"
"/Users/alexis/.openclaw/workspace/projects/forge-ia/forge-ia/web/src/components/onboarding-b/ContinueButton.tsx",1261,"2026-03-02T16:01:41"
"/Users/alexis/.openclaw/workspace/projects/forge-ia/forge-ia/web/src/components/onboarding-b/OptionButton.tsx",1787,"2026-03-02T16:01:41"
"/Users/alexis/.openclaw/workspace/projects/forge-ia/forge-ia/web/src/components/onboarding-b/Otto.tsx",5233,"2026-03-02T16:01:41"
"/Users/alexis/.openclaw/workspace/projects/forge-ia/forge-ia/web/src/components/onboarding-b/ProgressBar.tsx",1262,"2026-03-02T16:01:41"
"/Users/alexis/.openclaw/workspace/projects/forge-ia/forge-ia/web/src/components/onboarding-b/StepContainer.tsx",1403,"2026-03-02T16:01:41"
"/Users/alexis/.openclaw/workspace/projects/forge-ia/forge-ia/web/src/components/onboarding-b/__tests__/smoke-test.mjs",3852,"2026-03-02T16:01:41"
"/Users/alexis/.openclaw/workspace/projects/forge-ia/forge-ia/web/src/components/onboarding-b/steps/BusinessContext.tsx",4485,"2026-03-02T16:01:41"
"/Users/alexis/.openclaw/workspace/projects/forge-ia/forge-ia/web/src/components/onboarding-b/steps/Celebration.tsx",7242,"2026-03-02T16:01:41"
"/Users/alexis/.openclaw/workspace/projects/forge-ia/forge-ia/web/src/components/onboarding-b/steps/ChooseLevel.tsx",4477,"2026-03-02T16:01:41"
"/Users/alexis/.openclaw/workspace/projects/forge-ia/forge-ia/web/src/components/onboarding-b/steps/ChooseMotivation.tsx",4105,"2026-03-02T16:01:41"
"/Users/alexis/.openclaw/workspace/projects/forge-ia/forge-ia/web/src/components/onboarding-b/steps/ChooseName.tsx",5486,"2026-03-02T16:01:41"
"/Users/alexis/.openclaw/workspace/projects/forge-ia/forge-ia/web/src/components/onboarding-b/steps/ChooseObjective.tsx",8650,"2026-03-02T16:01:41"
"/Users/alexis/.openclaw/workspace/projects/forge-ia/forge-ia/web/src/components/onboarding-b/steps/ChooseTone.tsx",6700,"2026-03-02T16:01:41"
"/Users/alexis/.openclaw/workspace/projects/forge-ia/forge-ia/web/src/components/onboarding-b/steps/ChooseType.tsx",6768,"2026-03-02T16:01:41"
"/Users/alexis/.openclaw/workspace/projects/forge-ia/forge-ia/web/src/components/onboarding-b/steps/DemoChat.tsx",18137,"2026-03-02T16:01:41"
"/Users/alexis/.openclaw/workspace/projects/forge-ia/forge-ia/web/src/components/onboarding-b/steps/DemoPrep.tsx",5414,"2026-03-02T16:01:41"
"/Users/alexis/.openclaw/workspace/projects/forge-ia/forge-ia/web/src/components/onboarding-b/steps/Signup.tsx",11897,"2026-03-02T16:01:41"
"/Users/alexis/.openclaw/workspace/projects/forge-ia/forge-ia/web/src/components/onboarding-b/steps/index.ts",1229,"2026-03-02T16:01:41"
"/Users/alexis/.openclaw/workspace/projects/forge-ia/forge-ia/web/src/components/pricing/PlanCard.tsx",2843,"2026-03-02T16:01:41"
"/Users/alexis/.openclaw/workspace/projects/forge-ia/forge-ia/web/src/components/pricing/Pricing.tsx",3054,"2026-03-02T16:01:41"
"/Users/alexis/.openclaw/workspace/projects/forge-ia/forge-ia/web/src/components/recommendations-view.tsx",9613,"2026-03-02T16:01:41"
"/Users/alexis/.openclaw/workspace/projects/forge-ia/forge-ia/web/src/components/social-proof/SocialProof.tsx",4226,"2026-03-02T16:01:41"
"/Users/alexis/.openclaw/workspace/projects/forge-ia/forge-ia/web/src/components/social-proof/TestimonialCard.tsx",1745,"2026-03-02T16:01:41"
"/Users/alexis/.openclaw/workspace/projects/forge-ia/forge-ia/web/src/components/ui/Button.tsx",958,"2026-03-02T16:01:41"
"/Users/alexis/.openclaw/workspace/projects/forge-ia/forge-ia/web/src/components/ui/ConfettiEffect.tsx",1146,"2026-03-02T16:01:41"
"/Users/alexis/.openclaw/workspace/projects/forge-ia/forge-ia/web/src/components/ui/SelectionBubble.tsx",986,"2026-03-02T16:01:41"
"/Users/alexis/.openclaw/workspace/projects/forge-ia/forge-ia/web/src/components/use-cases/UseCaseSection.tsx",1592,"2026-03-02T16:01:41"
"/Users/alexis/.openclaw/workspace/projects/forge-ia/forge-ia/web/src/components/use-cases/UseCaseVersionScroll.tsx",421,"2026-03-02T16:01:41"
"/Users/alexis/.openclaw/workspace/projects/forge-ia/forge-ia/web/src/components/use-cases/UseCaseVersionTabs.tsx",2630,"2026-03-02T16:01:41"
"/Users/alexis/.openclaw/workspace/projects/forge-ia/forge-ia/web/src/components/use-cases/cases/AvocateCase.tsx",8099,"2026-03-02T16:01:41"
"/Users/alexis/.openclaw/workspace/projects/forge-ia/forge-ia/web/src/components/use-cases/cases/BoulangerCase.tsx",5410,"2026-03-02T16:01:41"
"/Users/alexis/.openclaw/workspace/projects/forge-ia/forge-ia/web/src/components/use-cases/cases/DentisteCase.tsx",7552,"2026-03-02T16:01:41"
"/Users/alexis/.openclaw/workspace/projects/forge-ia/forge-ia/web/src/components/use-cases/cases/ImmobilierCase.tsx",9285,"2026-03-02T16:01:41"
"/Users/alexis/.openclaw/workspace/projects/forge-ia/forge-ia/web/src/components/use-cases/shared/AgentCard.tsx",1434,"2026-03-02T16:01:41"
"/Users/alexis/.openclaw/workspace/projects/forge-ia/forge-ia/web/src/components/use-cases/shared/CalendarMockup.tsx",2637,"2026-03-02T16:01:41"
"/Users/alexis/.openclaw/workspace/projects/forge-ia/forge-ia/web/src/components/use-cases/shared/ChatBubble.tsx",941,"2026-03-02T16:01:41"
"/Users/alexis/.openclaw/workspace/projects/forge-ia/forge-ia/web/src/components/use-cases/shared/CountUpNumber.tsx",548,"2026-03-02T16:01:41"
"/Users/alexis/.openclaw/workspace/projects/forge-ia/forge-ia/web/src/components/use-cases/shared/KanbanBoard.tsx",2405,"2026-03-02T16:01:41"
"/Users/alexis/.openclaw/workspace/projects/forge-ia/forge-ia/web/src/components/use-cases/shared/NotificationToast.tsx",1030,"2026-03-02T16:01:41"
"/Users/alexis/.openclaw/workspace/projects/forge-ia/forge-ia/web/src/components/use-cases/shared/ProgressBar.tsx",654,"2026-03-02T16:01:41"
"/Users/alexis/.openclaw/workspace/projects/forge-ia/forge-ia/web/src/components/use-cases/shared/TelegramMockup.tsx",2942,"2026-03-02T16:01:41"
"/Users/alexis/.openclaw/workspace/projects/forge-ia/forge-ia/web/src/components/use-cases/shared/TypingIndicator.tsx",255,"2026-03-02T16:01:41"
"/Users/alexis/.openclaw/workspace/projects/forge-ia/forge-ia/web/src/hooks/use-leo-conversation.ts",5305,"2026-03-02T16:01:41"
"/Users/alexis/.openclaw/workspace/projects/forge-ia/forge-ia/web/src/lib/animations.ts",1578,"2026-03-02T16:01:41"
"/Users/alexis/.openclaw/workspace/projects/forge-ia/forge-ia/web/src/lib/chat-engine.ts",4343,"2026-03-02T16:01:41"
"/Users/alexis/.openclaw/workspace/projects/forge-ia/forge-ia/web/src/lib/client-tools-schema.ts",1759,"2026-03-02T16:01:41"
"/Users/alexis/.openclaw/workspace/projects/forge-ia/forge-ia/web/src/lib/constants.ts",4041,"2026-03-02T16:01:41"
"/Users/alexis/.openclaw/workspace/projects/forge-ia/forge-ia/web/src/lib/leo-prompt.ts",5058,"2026-03-02T16:01:41"
"/Users/alexis/.openclaw/workspace/projects/forge-ia/forge-ia/web/src/lib/recommendations.ts",2988,"2026-03-02T16:01:41"
"/Users/alexis/.openclaw/workspace/projects/forge-ia/forge-ia/web/src/lib/supabase.ts",1405,"2026-03-02T16:01:41"
"/Users/alexis/.openclaw/workspace/projects/forge-ia/forge-ia/web/src/lib/types.ts",3683,"2026-03-02T16:01:41"
"/Users/alexis/.openclaw/workspace/projects/forge-ia/forge-ia/web/src/lib/useCountUp.ts",853,"2026-03-02T16:01:41"
"/Users/alexis/.openclaw/workspace/projects/forge-ia/forge-ia/web/src/lib/useInView.ts",722,"2026-03-02T16:01:41"
"/Users/alexis/.openclaw/workspace/projects/forge-ia/forge-ia/web/src/lib/useSequence.ts",796,"2026-03-02T16:01:41"
"/Users/alexis/.openclaw/workspace/projects/forge-ia/forge-ia/web/src/stores/onboarding-b.ts",1718,"2026-03-02T16:01:41"
"/Users/alexis/.openclaw/workspace/projects/forge-ia/forge-ia/web/test-results/.last-run.json",45,"2026-03-02T16:01:41"
"/Users/alexis/.openclaw/workspace/projects/forge-ia/forge-ia/web/test-results/user-journey-Forge-IA-—-Us-d4d65--Recommendations-page-loads/error-context.md",19913,"2026-03-02T16:01:41"
"/Users/alexis/.openclaw/workspace/projects/forge-ia/forge-ia/web/test-results/user-journey-Forge-IA-—-Us-d4d65--Recommendations-page-loads/test-failed-1.png",524602,"2026-03-02T16:01:41"
"/Users/alexis/.openclaw/workspace/projects/forge-ia/forge-ia/web/test-results/user-journey-Forge-IA-—-Us-d4d65--Recommendations-page-loads/trace.zip",1194555,"2026-03-02T16:01:41"
"/Users/alexis/.openclaw/workspace/projects/forge-ia/forge-ia/web/tsconfig.json",670,"2026-03-02T16:01:41"
"/Users/alexis/.openclaw/workspace/projects/forge-ia/forge-ia/web/tsconfig.tsbuildinfo",121393,"2026-03-02T16:01:34"
"/Users/alexis/.openclaw/workspace/projects/forge-ia/package-lock.json",23913,"2026-03-02T16:01:47"
"/Users/alexis/.openclaw/workspace/projects/forge-ia/package.json",555,"2026-03-02T16:01:47"
"/Users/alexis/.openclaw/workspace/projects/forge-ia/src/__tests__/deploy.test.ts",4100,"2026-03-02T16:01:48"
"/Users/alexis/.openclaw/workspace/projects/forge-ia/src/__tests__/templates.test.ts",6061,"2026-03-02T16:01:48"
"/Users/alexis/.openclaw/workspace/projects/forge-ia/src/__tests__/validate.test.ts",3954,"2026-03-02T16:01:48"
"/Users/alexis/.openclaw/workspace/projects/forge-ia/src/__tests__/workspace.test.ts",7026,"2026-03-02T16:01:48"
"/Users/alexis/.openclaw/workspace/projects/forge-ia/src/index.ts",5018,"2026-03-02T16:01:48"
"/Users/alexis/.openclaw/workspace/projects/forge-ia/src/lib/deploy-runner.ts",2018,"2026-03-02T16:01:48"
"/Users/alexis/.openclaw/workspace/projects/forge-ia/src/lib/deploy.ts",21899,"2026-03-02T16:01:48"
"/Users/alexis/.openclaw/workspace/projects/forge-ia/src/lib/hetzner.ts",3565,"2026-03-02T16:01:48"
"/Users/alexis/.openclaw/workspace/projects/forge-ia/src/lib/logger.ts",537,"2026-03-02T16:01:48"
"/Users/alexis/.openclaw/workspace/projects/forge-ia/src/lib/ssh.ts",4414,"2026-03-02T16:01:48"
"/Users/alexis/.openclaw/workspace/projects/forge-ia/src/lib/tests.ts",8023,"2026-03-02T16:01:48"
"/Users/alexis/.openclaw/workspace/projects/forge-ia/src/lib/validate.ts",4266,"2026-03-02T16:01:48"
"/Users/alexis/.openclaw/workspace/projects/forge-ia/src/lib/workspace.ts",5724,"2026-03-02T16:01:48"
"/Users/alexis/.openclaw/workspace/projects/forge-ia/src/templates/AGENTS.md.ts",739,"2026-03-02T16:01:48"
"/Users/alexis/.openclaw/workspace/projects/forge-ia/src/templates/BOOT.md.ts",180,"2026-03-02T16:01:48"
"/Users/alexis/.openclaw/workspace/projects/forge-ia/src/templates/HEARTBEAT.md.ts",570,"2026-03-02T16:01:48"
"/Users/alexis/.openclaw/workspace/projects/forge-ia/src/templates/IDENTITY.md.ts",378,"2026-03-02T16:01:48"
"/Users/alexis/.openclaw/workspace/projects/forge-ia/src/templates/SOUL.md.ts",1134,"2026-03-02T16:01:48"
"/Users/alexis/.openclaw/workspace/projects/forge-ia/src/templates/TOOLS.md.ts",806,"2026-03-02T16:01:48"
"/Users/alexis/.openclaw/workspace/projects/forge-ia/src/templates/USER.md.ts",791,"2026-03-02T16:01:48"
"/Users/alexis/.openclaw/workspace/projects/forge-ia/src/types.ts",4098,"2026-03-02T16:01:48"
"/Users/alexis/.openclaw/workspace/projects/forge-ia/tsconfig.json",1095,"2026-03-02T16:01:47"
"/Users/alexis/.openclaw/workspace/projects/forge-ia/web/.env.example",252,"2026-03-02T16:01:46"
"/Users/alexis/.openclaw/workspace/projects/forge-ia/web/.env.local",920,"2026-03-02T16:01:41"
"/Users/alexis/.openclaw/workspace/projects/forge-ia/web/.gitignore",63,"2026-03-02T16:01:46"
"/Users/alexis/.openclaw/workspace/projects/forge-ia/web/middleware.d.ts.map",239,"2026-03-02T16:01:46"
"/Users/alexis/.openclaw/workspace/projects/forge-ia/web/middleware.js.map",1478,"2026-03-02T16:01:46"
"/Users/alexis/.openclaw/workspace/projects/forge-ia/web/middleware.ts",1533,"2026-03-02T16:01:41"
"/Users/alexis/.openclaw/workspace/projects/forge-ia/web/next-env.d.ts",262,"2026-03-02T16:01:46"
"/Users/alexis/.openclaw/workspace/projects/forge-ia/web/next.config.d.ts.map",210,"2026-03-02T16:01:41"
"/Users/alexis/.openclaw/workspace/projects/forge-ia/web/next.config.js.map",183,"2026-03-02T16:01:46"
"/Users/alexis/.openclaw/workspace/projects/forge-ia/web/next.config.ts",141,"2026-03-02T16:01:46"
"/Users/alexis/.openclaw/workspace/projects/forge-ia/web/package-lock.json",79637,"2026-03-02T16:01:46"
"/Users/alexis/.openclaw/workspace/projects/forge-ia/web/package.json",735,"2026-03-02T16:01:46"
"/Users/alexis/.openclaw/workspace/projects/forge-ia/web/postcss.config.mjs",94,"2026-03-02T16:01:41"
"/Users/alexis/.openclaw/workspace/projects/forge-ia/web/scripts/create-leo-agent.d.ts.map",137,"2026-03-02T16:01:46"
"/Users/alexis/.openclaw/workspace/projects/forge-ia/web/scripts/create-leo-agent.js.map",1937,"2026-03-02T16:01:46"
"/Users/alexis/.openclaw/workspace/projects/forge-ia/web/scripts/create-leo-agent.ts",2258,"2026-03-02T16:01:46"
"/Users/alexis/.openclaw/workspace/projects/forge-ia/web/src/app/api/chat/route.ts",1095,"2026-03-02T16:01:46"
"/Users/alexis/.openclaw/workspace/projects/forge-ia/web/src/app/api/deploy/route.ts",8547,"2026-03-02T16:01:46"
"/Users/alexis/.openclaw/workspace/projects/forge-ia/web/src/app/api/save-config/route.ts",1426,"2026-03-02T16:01:46"
"/Users/alexis/.openclaw/workspace/projects/forge-ia/web/src/app/api/signed-url/route.ts",1142,"2026-03-02T16:01:46"
"/Users/alexis/.openclaw/workspace/projects/forge-ia/web/src/app/chat/page.tsx",834,"2026-03-02T16:01:46"
"/Users/alexis/.openclaw/workspace/projects/forge-ia/web/src/app/conversation/page.tsx",161,"2026-03-02T16:01:46"
"/Users/alexis/.openclaw/workspace/projects/forge-ia/web/src/app/deployment/page.tsx",153,"2026-03-02T16:01:46"
"/Users/alexis/.openclaw/workspace/projects/forge-ia/web/src/app/globals.css",4768,"2026-03-02T16:01:46"
"/Users/alexis/.openclaw/workspace/projects/forge-ia/web/src/app/hero-a/page.tsx",796,"2026-03-02T16:01:46"
"/Users/alexis/.openclaw/workspace/projects/forge-ia/web/src/app/hero-b/page.tsx",796,"2026-03-02T16:01:46"
"/Users/alexis/.openclaw/workspace/projects/forge-ia/web/src/app/layout.tsx",1039,"2026-03-02T16:01:46"
"/Users/alexis/.openclaw/workspace/projects/forge-ia/web/src/app/onboarding-a/page.tsx",254,"2026-03-02T16:01:46"
"/Users/alexis/.openclaw/workspace/projects/forge-ia/web/src/app/onboarding-b/page.tsx",1179,"2026-03-02T16:01:46"
"/Users/alexis/.openclaw/workspace/projects/forge-ia/web/src/app/onboarding/page.tsx",2749,"2026-03-02T16:01:46"
"/Users/alexis/.openclaw/workspace/projects/forge-ia/web/src/app/page.original.tsx",4474,"2026-03-02T16:01:46"
"/Users/alexis/.openclaw/workspace/projects/forge-ia/web/src/app/page.tsx",795,"2026-03-02T16:01:46"
"/Users/alexis/.openclaw/workspace/projects/forge-ia/web/src/app/ready/page.tsx",11693,"2026-03-02T16:01:46"
"/Users/alexis/.openclaw/workspace/projects/forge-ia/web/src/app/recommendations/page.tsx",1199,"2026-03-02T16:01:46"
"/Users/alexis/.openclaw/workspace/projects/forge-ia/web/src/app/signin/page.tsx",3503,"2026-03-02T16:01:46"
"/Users/alexis/.openclaw/workspace/projects/forge-ia/web/src/app/signup/page.tsx",3536,"2026-03-02T16:01:46"
"/Users/alexis/.openclaw/workspace/projects/forge-ia/web/src/components/chat/ChatBubble.tsx",656,"2026-03-02T16:01:46"
"/Users/alexis/.openclaw/workspace/projects/forge-ia/web/src/components/chat/ChatInterface.tsx",10879,"2026-03-02T16:01:46"
"/Users/alexis/.openclaw/workspace/projects/forge-ia/web/src/components/chat/TypingIndicator.tsx",463,"2026-03-02T16:01:46"
"/Users/alexis/.openclaw/workspace/projects/forge-ia/web/src/components/chat/VoiceButton.tsx",1096,"2026-03-02T16:01:46"
"/Users/alexis/.openclaw/workspace/projects/forge-ia/web/src/components/conversation-view.tsx",6683,"2026-03-02T16:01:46"
"/Users/alexis/.openclaw/workspace/projects/forge-ia/web/src/components/cta/FinalCTA.tsx",3181,"2026-03-02T16:01:46"
"/Users/alexis/.openclaw/workspace/projects/forge-ia/web/src/components/deployment-view.tsx",14742,"2026-03-02T16:01:46"
"/Users/alexis/.openclaw/workspace/projects/forge-ia/web/src/components/faq/AccordionItem.tsx",1769,"2026-03-02T16:01:46"
"/Users/alexis/.openclaw/workspace/projects/forge-ia/web/src/components/faq/FAQ.tsx",3258,"2026-03-02T16:01:46"
"/Users/alexis/.openclaw/workspace/projects/forge-ia/web/src/components/footer/Footer.tsx",1949,"2026-03-02T16:01:46"
"/Users/alexis/.openclaw/workspace/projects/forge-ia/web/src/components/hero/HeroVersionA.tsx",5130,"2026-03-02T16:01:46"
"/Users/alexis/.openclaw/workspace/projects/forge-ia/web/src/components/hero/HeroVersionB.tsx",5065,"2026-03-02T16:01:46"
"/Users/alexis/.openclaw/workspace/projects/forge-ia/web/src/components/how-it-works/HowItWorks.tsx",7099,"2026-03-02T16:01:46"
"/Users/alexis/.openclaw/workspace/projects/forge-ia/web/src/components/how-it-works/StepCard.tsx",1247,"2026-03-02T16:01:46"
"/Users/alexis/.openclaw/workspace/projects/forge-ia/web/src/components/nav/Navbar.tsx",4479,"2026-03-02T16:01:46"
"/Users/alexis/.openclaw/workspace/projects/forge-ia/web/src/components/onboarding-b/ContinueButton.tsx",1261,"2026-03-02T16:01:46"
"/Users/alexis/.openclaw/workspace/projects/forge-ia/web/src/components/onboarding-b/OptionButton.tsx",1787,"2026-03-02T16:01:46"
"/Users/alexis/.openclaw/workspace/projects/forge-ia/web/src/components/onboarding-b/Otto.tsx",5233,"2026-03-02T16:01:46"
"/Users/alexis/.openclaw/workspace/projects/forge-ia/web/src/components/onboarding-b/ProgressBar.tsx",1262,"2026-03-02T16:01:46"
"/Users/alexis/.openclaw/workspace/projects/forge-ia/web/src/components/onboarding-b/StepContainer.tsx",1403,"2026-03-02T16:01:46"
"/Users/alexis/.openclaw/workspace/projects/forge-ia/web/src/components/onboarding-b/__tests__/smoke-test.mjs",3852,"2026-03-02T16:01:46"
"/Users/alexis/.openclaw/workspace/projects/forge-ia/web/src/components/onboarding-b/steps/BusinessContext.tsx",4485,"2026-03-02T16:01:46"
"/Users/alexis/.openclaw/workspace/projects/forge-ia/web/src/components/onboarding-b/steps/Celebration.tsx",7242,"2026-03-02T16:01:46"
"/Users/alexis/.openclaw/workspace/projects/forge-ia/web/src/components/onboarding-b/steps/ChooseLevel.tsx",4477,"2026-03-02T16:01:46"
"/Users/alexis/.openclaw/workspace/projects/forge-ia/web/src/components/onboarding-b/steps/ChooseMotivation.tsx",4105,"2026-03-02T16:01:46"
"/Users/alexis/.openclaw/workspace/projects/forge-ia/web/src/components/onboarding-b/steps/ChooseName.tsx",5486,"2026-03-02T16:01:46"
"/Users/alexis/.openclaw/workspace/projects/forge-ia/web/src/components/onboarding-b/steps/ChooseObjective.tsx",8650,"2026-03-02T16:01:46"
"/Users/alexis/.openclaw/workspace/projects/forge-ia/web/src/components/onboarding-b/steps/ChooseTone.tsx",6700,"2026-03-02T16:01:46"
"/Users/alexis/.openclaw/workspace/projects/forge-ia/web/src/components/onboarding-b/steps/ChooseType.tsx",6768,"2026-03-02T16:01:46"
"/Users/alexis/.openclaw/workspace/projects/forge-ia/web/src/components/onboarding-b/steps/DemoChat.tsx",18137,"2026-03-02T16:01:46"
"/Users/alexis/.openclaw/workspace/projects/forge-ia/web/src/components/onboarding-b/steps/DemoPrep.tsx",5414,"2026-03-02T16:01:46"
"/Users/alexis/.openclaw/workspace/projects/forge-ia/web/src/components/onboarding-b/steps/Signup.tsx",11897,"2026-03-02T16:01:46"
"/Users/alexis/.openclaw/workspace/projects/forge-ia/web/src/components/onboarding-b/steps/index.ts",1229,"2026-03-02T16:01:46"
"/Users/alexis/.openclaw/workspace/projects/forge-ia/web/src/components/pricing/PlanCard.tsx",2843,"2026-03-02T16:01:46"
"/Users/alexis/.openclaw/workspace/projects/forge-ia/web/src/components/pricing/Pricing.tsx",3054,"2026-03-02T16:01:46"
"/Users/alexis/.openclaw/workspace/projects/forge-ia/web/src/components/recommendations-view.tsx",9613,"2026-03-02T16:01:46"
"/Users/alexis/.openclaw/workspace/projects/forge-ia/web/src/components/social-proof/SocialProof.tsx",4226,"2026-03-02T16:01:46"
"/Users/alexis/.openclaw/workspace/projects/forge-ia/web/src/components/social-proof/TestimonialCard.tsx",1745,"2026-03-02T16:01:46"
"/Users/alexis/.openclaw/workspace/projects/forge-ia/web/src/components/ui/Button.tsx",958,"2026-03-02T16:01:46"
"/Users/alexis/.openclaw/workspace/projects/forge-ia/web/src/components/ui/ConfettiEffect.tsx",1146,"2026-03-02T16:01:46"
"/Users/alexis/.openclaw/workspace/projects/forge-ia/web/src/components/ui/SelectionBubble.tsx",986,"2026-03-02T16:01:46"
"/Users/alexis/.openclaw/workspace/projects/forge-ia/web/src/components/use-cases/UseCaseSection.tsx",1592,"2026-03-02T16:01:46"
"/Users/alexis/.openclaw/workspace/projects/forge-ia/web/src/components/use-cases/UseCaseVersionScroll.tsx",421,"2026-03-02T16:01:46"
"/Users/alexis/.openclaw/workspace/projects/forge-ia/web/src/components/use-cases/UseCaseVersionTabs.tsx",2630,"2026-03-02T16:01:46"
"/Users/alexis/.openclaw/workspace/projects/forge-ia/web/src/components/use-cases/cases/AvocateCase.tsx",8099,"2026-03-02T16:01:46"
"/Users/alexis/.openclaw/workspace/projects/forge-ia/web/src/components/use-cases/cases/BoulangerCase.tsx",5410,"2026-03-02T16:01:46"
"/Users/alexis/.openclaw/workspace/projects/forge-ia/web/src/components/use-cases/cases/DentisteCase.tsx",7552,"2026-03-02T16:01:46"
"/Users/alexis/.openclaw/workspace/projects/forge-ia/web/src/components/use-cases/cases/ImmobilierCase.tsx",9285,"2026-03-02T16:01:46"
"/Users/alexis/.openclaw/workspace/projects/forge-ia/web/src/components/use-cases/shared/AgentCard.tsx",1434,"2026-03-02T16:01:46"
"/Users/alexis/.openclaw/workspace/projects/forge-ia/web/src/components/use-cases/shared/CalendarMockup.tsx",2637,"2026-03-02T16:01:46"
"/Users/alexis/.openclaw/workspace/projects/forge-ia/web/src/components/use-cases/shared/ChatBubble.tsx",941,"2026-03-02T16:01:46"
"/Users/alexis/.openclaw/workspace/projects/forge-ia/web/src/components/use-cases/shared/CountUpNumber.tsx",548,"2026-03-02T16:01:46"
"/Users/alexis/.openclaw/workspace/projects/forge-ia/web/src/components/use-cases/shared/KanbanBoard.tsx",2405,"2026-03-02T16:01:46"
"/Users/alexis/.openclaw/workspace/projects/forge-ia/web/src/components/use-cases/shared/NotificationToast.tsx",1030,"2026-03-02T16:01:46"
"/Users/alexis/.openclaw/workspace/projects/forge-ia/web/src/components/use-cases/shared/ProgressBar.tsx",654,"2026-03-02T16:01:46"
"/Users/alexis/.openclaw/workspace/projects/forge-ia/web/src/components/use-cases/shared/TelegramMockup.tsx",2942,"2026-03-02T16:01:46"
"/Users/alexis/.openclaw/workspace/projects/forge-ia/web/src/components/use-cases/shared/TypingIndicator.tsx",255,"2026-03-02T16:01:46"
"/Users/alexis/.openclaw/workspace/projects/forge-ia/web/src/hooks/use-leo-conversation.ts",5305,"2026-03-02T16:01:46"
"/Users/alexis/.openclaw/workspace/projects/forge-ia/web/src/lib/animations.ts",1578,"2026-03-02T16:01:46"
"/Users/alexis/.openclaw/workspace/projects/forge-ia/web/src/lib/chat-engine.ts",4343,"2026-03-02T16:01:46"
"/Users/alexis/.openclaw/workspace/projects/forge-ia/web/src/lib/client-tools-schema.ts",1759,"2026-03-02T16:01:46"
"/Users/alexis/.openclaw/workspace/projects/forge-ia/web/src/lib/constants.ts",4041,"2026-03-02T16:01:46"
"/Users/alexis/.openclaw/workspace/projects/forge-ia/web/src/lib/leo-prompt.ts",5058,"2026-03-02T16:01:46"
"/Users/alexis/.openclaw/workspace/projects/forge-ia/web/src/lib/recommendations.ts",2988,"2026-03-02T16:01:46"
"/Users/alexis/.openclaw/workspace/projects/forge-ia/web/src/lib/supabase.ts",1405,"2026-03-02T16:01:46"
"/Users/alexis/.openclaw/workspace/projects/forge-ia/web/src/lib/types.ts",3683,"2026-03-02T16:01:46"
"/Users/alexis/.openclaw/workspace/projects/forge-ia/web/src/lib/useCountUp.ts",853,"2026-03-02T16:01:46"
"/Users/alexis/.openclaw/workspace/projects/forge-ia/web/src/lib/useInView.ts",722,"2026-03-02T16:01:46"
"/Users/alexis/.openclaw/workspace/projects/forge-ia/web/src/lib/useSequence.ts",796,"2026-03-02T16:01:46"
"/Users/alexis/.openclaw/workspace/projects/forge-ia/web/src/stores/onboarding-b.ts",1718,"2026-03-02T16:01:46"
"/Users/alexis/.openclaw/workspace/projects/forge-ia/web/tsconfig.json",670,"2026-03-02T16:01:46"
"/Users/alexis/.openclaw/workspace/projects/forge-ia/web/tsconfig.tsbuildinfo",121393,"2026-03-02T16:01:41"
"/Users/alexis/.openclaw/workspace/projects/sip/index.html",15270,"2026-03-02T16:01:48"
"/Users/alexis/.openclaw/workspace/scripts/organize-downloads.sh",3758,"2026-03-02T16:01:48"
"/Users/alexis/.openclaw/workspace/scripts/refresh-models.sh",925,"2026-03-02T16:01:48"
"/Users/alexis/.openclaw/workspace/scripts/server.py",3171,"2026-03-02T16:01:48"
"/Users/alexis/.openclaw/workspace/setup.html",2256,"2026-03-02T16:01:48"
"/Users/alexis/.openclaw/workspace/skills/agent-browser/.clawhub/origin.json",145,"2026-03-02T16:01:48"
"/Users/alexis/.openclaw/workspace/skills/agent-browser/CONTRIBUTING.md",1626,"2026-03-02T16:01:48"
"/Users/alexis/.openclaw/workspace/skills/agent-browser/SKILL.md",10224,"2026-03-02T16:01:48"
"/Users/alexis/.openclaw/workspace/skills/agent-browser/_meta.json",132,"2026-03-02T16:01:48"
"/Users/alexis/.openclaw/workspace/skills/auto-updater/.clawhub/origin.json",144,"2026-03-02T16:01:48"
"/Users/alexis/.openclaw/workspace/skills/auto-updater/SKILL.md",3300,"2026-03-02T16:01:48"
"/Users/alexis/.openclaw/workspace/skills/auto-updater/_meta.json",131,"2026-03-02T16:01:48"
"/Users/alexis/.openclaw/workspace/skills/auto-updater/references/agent-guide.md",3767,"2026-03-02T16:01:48"
"/Users/alexis/.openclaw/workspace/skills/auto-updater/references/summary-examples.md",2513,"2026-03-02T16:01:48"
"/Users/alexis/.openclaw/workspace/skills/chirp/.clawhub/origin.json",137,"2026-03-02T16:01:48"
"/Users/alexis/.openclaw/workspace/skills/chirp/SKILL.md",4335,"2026-03-02T16:01:48"
"/Users/alexis/.openclaw/workspace/skills/chirp/_meta.json",124,"2026-03-02T16:01:48"
"/Users/alexis/.openclaw/workspace/skills/find-skills/.clawhub/origin.json",143,"2026-03-02T16:01:48"
"/Users/alexis/.openclaw/workspace/skills/find-skills/SKILL.md",4635,"2026-03-02T16:01:48"
"/Users/alexis/.openclaw/workspace/skills/find-skills/_meta.json",130,"2026-03-02T16:01:48"
"/Users/alexis/.openclaw/workspace/skills/frontend-design/.clawhub/origin.json",147,"2026-03-02T16:01:48"
"/Users/alexis/.openclaw/workspace/skills/frontend-design/LICENSE.txt",10758,"2026-03-02T16:01:48"
"/Users/alexis/.openclaw/workspace/skills/frontend-design/SKILL.md",4275,"2026-03-02T16:01:48"
"/Users/alexis/.openclaw/workspace/skills/frontend-design/_meta.json",134,"2026-03-02T16:01:48"
"/Users/alexis/.openclaw/workspace/skills/github/.clawhub/origin.json",138,"2026-03-02T16:01:48"
"/Users/alexis/.openclaw/workspace/skills/github/SKILL.md",1113,"2026-03-02T16:01:48"
"/Users/alexis/.openclaw/workspace/skills/github/_meta.json",125,"2026-03-02T16:01:48"
"/Users/alexis/.openclaw/workspace/skills/gog/.clawhub/origin.json",135,"2026-03-02T16:01:48"
"/Users/alexis/.openclaw/workspace/skills/gog/SKILL.md",1748,"2026-03-02T16:01:48"
"/Users/alexis/.openclaw/workspace/skills/gog/_meta.json",122,"2026-03-02T16:01:48"
"/Users/alexis/.openclaw/workspace/skills/humanizer/.clawhub/origin.json",141,"2026-03-02T16:01:48"
"/Users/alexis/.openclaw/workspace/skills/humanizer/README.md",2879,"2026-03-02T16:01:48"
"/Users/alexis/.openclaw/workspace/skills/humanizer/SKILL.md",17782,"2026-03-02T16:01:48"
"/Users/alexis/.openclaw/workspace/skills/humanizer/_meta.json",128,"2026-03-02T16:01:48"
"/Users/alexis/.openclaw/workspace/skills/linkedin/SKILL.md",2362,"2026-03-02T16:01:48"
"/Users/alexis/.openclaw/workspace/skills/llmrouter/.clawhub/origin.json",141,"2026-03-02T16:01:48"
"/Users/alexis/.openclaw/workspace/skills/llmrouter/SKILL.md",9474,"2026-03-02T16:01:48"
"/Users/alexis/.openclaw/workspace/skills/llmrouter/_meta.json",128,"2026-03-02T16:01:48"
"/Users/alexis/.openclaw/workspace/skills/mission-control/.clawhub/origin.json",147,"2026-03-02T16:01:48"
"/Users/alexis/.openclaw/workspace/skills/mission-control/CHANGELOG.md",6821,"2026-03-02T16:01:48"
"/Users/alexis/.openclaw/workspace/skills/mission-control/README.md",3003,"2026-03-02T16:01:48"
"/Users/alexis/.openclaw/workspace/skills/mission-control/SKILL.md",6966,"2026-03-02T16:01:48"
"/Users/alexis/.openclaw/workspace/skills/mission-control/_meta.json",134,"2026-03-02T16:01:48"
"/Users/alexis/.openclaw/workspace/skills/mission-control/assets/data/crons.json",771,"2026-03-02T16:01:48"
"/Users/alexis/.openclaw/workspace/skills/mission-control/assets/data/tasks.json",7290,"2026-03-02T16:01:48"
"/Users/alexis/.openclaw/workspace/skills/mission-control/assets/data/version.json",83,"2026-03-02T16:01:48"
"/Users/alexis/.openclaw/workspace/skills/mission-control/assets/examples/CONFIG-REFERENCE.md",2730,"2026-03-02T16:01:48"
"/Users/alexis/.openclaw/workspace/skills/mission-control/assets/examples/HOOKS-CONFIG.md",1796,"2026-03-02T16:01:48"
"/Users/alexis/.openclaw/workspace/skills/mission-control/assets/examples/clawdbot-hooks-config.json",148,"2026-03-02T16:01:48"
"/Users/alexis/.openclaw/workspace/skills/mission-control/assets/examples/mission-control.json",673,"2026-03-02T16:01:48"
"/Users/alexis/.openclaw/workspace/skills/mission-control/assets/index.html",290548,"2026-03-02T16:01:48"
"/Users/alexis/.openclaw/workspace/skills/mission-control/assets/transforms/github-mission-control.mjs",22094,"2026-03-02T16:01:48"
"/Users/alexis/.openclaw/workspace/skills/mission-control/docs/HOW-IT-WORKS.md",9277,"2026-03-02T16:01:48"
"/Users/alexis/.openclaw/workspace/skills/mission-control/docs/PREREQUISITES.md",2792,"2026-03-02T16:01:48"
"/Users/alexis/.openclaw/workspace/skills/mission-control/docs/TROUBLESHOOTING.md",6305,"2026-03-02T16:01:48"
"/Users/alexis/.openclaw/workspace/skills/mission-control/docs/gateway-setup.md",3464,"2026-03-02T16:01:48"
"/Users/alexis/.openclaw/workspace/skills/mission-control/scripts/cors-proxy.js",1245,"2026-03-02T16:01:48"
"/Users/alexis/.openclaw/workspace/skills/mission-control/scripts/mc-update.sh",9835,"2026-03-02T16:01:48"
"/Users/alexis/.openclaw/workspace/skills/mission-control/scripts/sync-to-opensource.sh",1294,"2026-03-02T16:01:48"
"/Users/alexis/.openclaw/workspace/skills/mission-control/scripts/update-version.sh",842,"2026-03-02T16:01:48"
"/Users/alexis/.openclaw/workspace/skills/model-usage/.clawhub/origin.json",143,"2026-03-02T16:01:48"
"/Users/alexis/.openclaw/workspace/skills/model-usage/SKILL.md",2046,"2026-03-02T16:01:48"
"/Users/alexis/.openclaw/workspace/skills/model-usage/_meta.json",130,"2026-03-02T16:01:48"
"/Users/alexis/.openclaw/workspace/skills/model-usage/references/codexbar-cli.md",1112,"2026-03-02T16:01:48"
"/Users/alexis/.openclaw/workspace/skills/model-usage/scripts/model_usage.py",10483,"2026-03-02T16:01:48"
"/Users/alexis/.openclaw/workspace/skills/notion/.clawhub/origin.json",138,"2026-03-02T16:01:48"
"/Users/alexis/.openclaw/workspace/skills/notion/SKILL.md",5039,"2026-03-02T16:01:48"
"/Users/alexis/.openclaw/workspace/skills/notion/_meta.json",125,"2026-03-02T16:01:48"
"/Users/alexis/.openclaw/workspace/skills/ontology/.clawhub/origin.json",140,"2026-03-02T16:01:48"
"/Users/alexis/.openclaw/workspace/skills/ontology/SKILL.md",6703,"2026-03-02T16:01:48"
"/Users/alexis/.openclaw/workspace/skills/ontology/_meta.json",127,"2026-03-02T16:01:48"
"/Users/alexis/.openclaw/workspace/skills/ontology/references/queries.md",5471,"2026-03-02T16:01:48"
"/Users/alexis/.openclaw/workspace/skills/ontology/references/schema.md",6650,"2026-03-02T16:01:48"
"/Users/alexis/.openclaw/workspace/skills/ontology/scripts/ontology.py",21596,"2026-03-02T16:01:48"
"/Users/alexis/.openclaw/workspace/skills/proactive-agent/.clawhub/origin.json",147,"2026-03-02T16:01:48"
"/Users/alexis/.openclaw/workspace/skills/proactive-agent/SKILL-v2.3-backup.md",20156,"2026-03-02T16:01:48"
"/Users/alexis/.openclaw/workspace/skills/proactive-agent/SKILL-v3-draft.md",16960,"2026-03-02T16:01:48"
"/Users/alexis/.openclaw/workspace/skills/proactive-agent/SKILL.md",20883,"2026-03-02T16:01:48"
"/Users/alexis/.openclaw/workspace/skills/proactive-agent/_meta.json",134,"2026-03-02T16:01:48"
"/Users/alexis/.openclaw/workspace/skills/proactive-agent/assets/AGENTS.md",3860,"2026-03-02T16:01:48"
"/Users/alexis/.openclaw/workspace/skills/proactive-agent/assets/HEARTBEAT.md",2939,"2026-03-02T16:01:48"
"/Users/alexis/.openclaw/workspace/skills/proactive-agent/assets/MEMORY.md",836,"2026-03-02T16:01:48"
"/Users/alexis/.openclaw/workspace/skills/proactive-agent/assets/ONBOARDING.md",2423,"2026-03-02T16:01:48"
"/Users/alexis/.openclaw/workspace/skills/proactive-agent/assets/SOUL.md",1431,"2026-03-02T16:01:48"
"/Users/alexis/.openclaw/workspace/skills/proactive-agent/assets/TOOLS.md",1044,"2026-03-02T16:01:48"
"/Users/alexis/.openclaw/workspace/skills/proactive-agent/assets/USER.md",926,"2026-03-02T16:01:48"
"/Users/alexis/.openclaw/workspace/skills/proactive-agent/references/onboarding-flow.md",4078,"2026-03-02T16:01:48"
"/Users/alexis/.openclaw/workspace/skills/proactive-agent/references/security-patterns.md",3034,"2026-03-02T16:01:48"
"/Users/alexis/.openclaw/workspace/skills/proactive-agent/scripts/security-audit.sh",4110,"2026-03-02T16:01:48"
"/Users/alexis/.openclaw/workspace/skills/security-sentinel-skill/.clawhub/origin.json",155,"2026-03-02T16:01:48"
"/Users/alexis/.openclaw/workspace/skills/security-sentinel-skill/ANNOUNCEMENT.md",10080,"2026-03-02T16:01:48"
"/Users/alexis/.openclaw/workspace/skills/security-sentinel-skill/CLAWHUB_GUIDE.md",11114,"2026-03-02T16:01:48"
"/Users/alexis/.openclaw/workspace/skills/security-sentinel-skill/CONFIGURATION.md",8284,"2026-03-02T16:01:48"
"/Users/alexis/.openclaw/workspace/skills/security-sentinel-skill/LICENSE.md",1092,"2026-03-02T16:01:48"
"/Users/alexis/.openclaw/workspace/skills/security-sentinel-skill/README.md",12950,"2026-03-02T16:01:48"
"/Users/alexis/.openclaw/workspace/skills/security-sentinel-skill/SECURITY.md",14127,"2026-03-02T16:01:48"
"/Users/alexis/.openclaw/workspace/skills/security-sentinel-skill/SKILL.md",27087,"2026-03-02T16:01:48"
"/Users/alexis/.openclaw/workspace/skills/security-sentinel-skill/_meta.json",142,"2026-03-02T16:01:48"
"/Users/alexis/.openclaw/workspace/skills/security-sentinel-skill/advanced-jailbreak-techniques.md",24582,"2026-03-02T16:01:48"
"/Users/alexis/.openclaw/workspace/skills/security-sentinel-skill/advanced-threats-2026.md",27861,"2026-03-02T16:01:48"
"/Users/alexis/.openclaw/workspace/skills/security-sentinel-skill/blacklist-patterns.md",20774,"2026-03-02T16:01:48"
"/Users/alexis/.openclaw/workspace/skills/security-sentinel-skill/credential-exfiltration-defense.md",20568,"2026-03-02T16:01:48"
"/Users/alexis/.openclaw/workspace/skills/security-sentinel-skill/install.sh",10147,"2026-03-02T16:01:48"
"/Users/alexis/.openclaw/workspace/skills/security-sentinel-skill/memory-persistence-attacks.md",22888,"2026-03-02T16:01:48"
"/Users/alexis/.openclaw/workspace/skills/security-sentinel-skill/multilingual-evasion.md",21572,"2026-03-02T16:01:48"
"/Users/alexis/.openclaw/workspace/skills/security-sentinel-skill/semantic-scoring.md",20838,"2026-03-02T16:01:48"
"/Users/alexis/.openclaw/workspace/skills/self-improving-agent/.clawhub/origin.json",153,"2026-03-02T16:01:48"
"/Users/alexis/.openclaw/workspace/skills/self-improving-agent/.learnings/ERRORS.md",75,"2026-03-02T16:01:48"
"/Users/alexis/.openclaw/workspace/skills/self-improving-agent/.learnings/FEATURE_REQUESTS.md",84,"2026-03-02T16:01:48"
"/Users/alexis/.openclaw/workspace/skills/self-improving-agent/.learnings/LEARNINGS.md",99,"2026-03-02T16:01:48"
"/Users/alexis/.openclaw/workspace/skills/self-improving-agent/SKILL.md",19704,"2026-03-02T16:01:48"
"/Users/alexis/.openclaw/workspace/skills/self-improving-agent/_meta.json",140,"2026-03-02T16:01:48"
"/Users/alexis/.openclaw/workspace/skills/self-improving-agent/assets/LEARNINGS.md",1152,"2026-03-02T16:01:48"
"/Users/alexis/.openclaw/workspace/skills/self-improving-agent/assets/SKILL-TEMPLATE.md",3407,"2026-03-02T16:01:48"
"/Users/alexis/.openclaw/workspace/skills/self-improving-agent/hooks/openclaw/HOOK.md",589,"2026-03-02T16:01:48"
"/Users/alexis/.openclaw/workspace/skills/self-improving-agent/hooks/openclaw/handler.js",1620,"2026-03-02T16:01:48"
"/Users/alexis/.openclaw/workspace/skills/self-improving-agent/hooks/openclaw/handler.ts",1872,"2026-03-02T16:01:48"
"/Users/alexis/.openclaw/workspace/skills/self-improving-agent/references/examples.md",8291,"2026-03-02T16:01:48"
"/Users/alexis/.openclaw/workspace/skills/self-improving-agent/references/hooks-setup.md",4867,"2026-03-02T16:01:48"
"/Users/alexis/.openclaw/workspace/skills/self-improving-agent/references/openclaw-integration.md",5638,"2026-03-02T16:01:48"
"/Users/alexis/.openclaw/workspace/skills/self-improving-agent/scripts/activator.sh",680,"2026-03-02T16:01:48"
"/Users/alexis/.openclaw/workspace/skills/self-improving-agent/scripts/error-detector.sh",1317,"2026-03-02T16:01:48"
"/Users/alexis/.openclaw/workspace/skills/self-improving-agent/scripts/extract-skill.sh",5293,"2026-03-02T16:01:48"
"/Users/alexis/.openclaw/workspace/skills/sonoscli/.clawhub/origin.json",140,"2026-03-02T16:01:48"
"/Users/alexis/.openclaw/workspace/skills/sonoscli/SKILL.md",940,"2026-03-02T16:01:48"
"/Users/alexis/.openclaw/workspace/skills/sonoscli/_meta.json",127,"2026-03-02T16:01:48"
"/Users/alexis/.openclaw/workspace/skills/tavily-search/.clawhub/origin.json",145,"2026-03-02T16:01:48"
"/Users/alexis/.openclaw/workspace/skills/tavily-search/SKILL.md",1195,"2026-03-02T16:01:48"
"/Users/alexis/.openclaw/workspace/skills/tavily-search/_meta.json",132,"2026-03-02T16:01:48"
"/Users/alexis/.openclaw/workspace/skills/tavily-search/scripts/extract.mjs",1336,"2026-03-02T16:01:48"
"/Users/alexis/.openclaw/workspace/skills/tavily-search/scripts/search.mjs",2299,"2026-03-02T16:01:48"
"/Users/alexis/.openclaw/workspace/substack_articles/6-conseils-pour-valider-que-vous.md",11401,"2026-03-02T16:01:48"
"/Users/alexis/.openclaw/workspace/substack_articles/INDEX.md",1368,"2026-03-02T16:01:48"
"/Users/alexis/.openclaw/workspace/substack_articles/accoucher.md",6297,"2026-03-02T16:01:48"
"/Users/alexis/.openclaw/workspace/substack_articles/acheter-ou-louer-sa-residence-principale.md",15293,"2026-03-02T16:01:48"
"/Users/alexis/.openclaw/workspace/substack_articles/comment-creer-quelque-chose-que-les.md",16266,"2026-03-02T16:01:48"
"/Users/alexis/.openclaw/workspace/substack_articles/je-suis-comme-un-gosse.md",5143,"2026-03-02T16:01:48"
"/Users/alexis/.openclaw/workspace/substack_articles/qiara-cest-fini.md",3909,"2026-03-02T16:01:48"
"/Users/alexis/.openclaw/workspace/substack_articles/quel-est-le-secret-du-succes-.md",16015,"2026-03-02T16:01:48"
"/Users/alexis/.openclaw/workspace/substack_articles/remote-or-not-remote.md",14016,"2026-03-02T16:01:48"
"/Users/alexis/.openclaw/workspace/substack_articles/se-concentrer-sur-limportant.md",9449,"2026-03-02T16:01:48"
"/Users/alexis/.openclaw/workspace/substack_articles/sortir-de-lhyper-activisme.md",11042,"2026-03-02T16:01:48"
"/Users/alexis/.openclaw/workspace/substack_articles/sortir-de-ma-grotte.md",5247,"2026-03-02T16:01:48"
"/Users/alexis/.openclaw/workspace/substack_articles/tas-trouve-un-job.md",7600,"2026-03-02T16:01:48"
