"Title","URL","Author","Username","Date","Tweet ID","Tags"
"Naval — 1002103770518441989","https://x.com/naval/status/1002103770518441989","Naval","naval","2018-05-31T08:25:31.000Z","1002103770518441989",""
"Naval — 1002105148733206528","https://x.com/naval/status/1002105148733206528","Naval","naval","2018-05-31T08:31:00.000Z","1002105148733206528",""
"Naval — 1002105652792066048","https://x.com/naval/status/1002105652792066048","Naval","naval","2018-05-31T08:33:00.000Z","1002105652792066048",""
"Naval — 1002106893265920000","https://x.com/naval/status/1002106893265920000","Naval","naval","2018-05-31T08:37:56.000Z","1002106893265920000",""
"Pierre de Wulf — 1329765202095575041","https://x.com/PierreDeWulf/status/1329765202095575041","Pierre de Wulf","PierreDeWulf","2020-11-20T12:35:04.000Z","1329765202095575041",""
"ecommaster777 — 1563278151576584192","https://x.com/ecommaster777/status/1563278151576584192","ecommaster777","ecommaster777","2022-08-26T21:32:10.000Z","1563278151576584192",""
"Marc Lou — 1611708982841819137","https://x.com/marclou/status/1611708982841819137","Marc Lou","marclou","2023-01-07T12:59:00.000Z","1611708982841819137",""
"Steeve Morin — 1651844133235875841","https://x.com/steeve/status/1651844133235875841","Steeve Morin","steeve","2023-04-28T07:01:45.000Z","1651844133235875841",""
"BaseballHistoryNut — 1712988276531810788","https://x.com/nut_history/status/1712988276531810788","BaseballHistoryNut","nut_history","2023-10-14T00:26:45.000Z","1712988276531810788",""
"Linus ✦ Ekenstam — 1744431726443614539","https://x.com/LinusEkenstam/status/1744431726443614539","Linus ✦ Ekenstam","LinusEkenstam","2024-01-08T18:51:48.000Z","1744431726443614539",""
"rabbit inc. — 1744781083831574824","https://x.com/rabbit_hmi/status/1744781083831574824","rabbit inc.","rabbit_hmi","2024-01-09T18:00:01.000Z","1744781083831574824",""
"GREG ISENBERG — 1845255860559257671","https://x.com/gregisenberg/status/1845255860559257671","GREG ISENBERG","gregisenberg","2024-10-13T00:10:55.000Z","1845255860559257671",""
"Art of Life — 1851398666411545062","https://x.com/Art0fLife_/status/1851398666411545062","Art of Life","Art0fLife_","2024-10-29T23:00:14.000Z","1851398666411545062",""
"Katy Faust — 1880741304331809006","https://x.com/Katy_Faust/status/1880741304331809006","Katy Faust","Katy_Faust","2025-01-18T22:17:24.000Z","1880741304331809006",""
"John Rush — 1882277087224185312","https://x.com/johnrushx/status/1882277087224185312","John Rush","johnrushx","2025-01-23T04:00:03.000Z","1882277087224185312",""
"DAN KOE — 1886095548295602447","https://x.com/thedankoe/status/1886095548295602447","DAN KOE","thedankoe","2025-02-02T16:53:15.000Z","1886095548295602447",""
"Stijn Noorman — 1886421137493520493","https://x.com/stijnnoorman/status/1886421137493520493","Stijn Noorman","stijnnoorman","2025-02-03T14:27:01.000Z","1886421137493520493",""
"NIK HUNO — 1887168079874170942","https://x.com/NikHuno/status/1887168079874170942","NIK HUNO","NikHuno","2025-02-05T15:55:06.000Z","1887168079874170942",""
"Maxoux — 1887249960305107450","https://x.com/Maxouks/status/1887249960305107450","Maxoux","Maxouks","2025-02-05T21:20:28.000Z","1887249960305107450",""
"illuminatibot — 1887836071452434674","https://x.com/iluminatibot/status/1887836071452434674","illuminatibot","iluminatibot","2025-02-07T12:09:28.000Z","1887836071452434674",""
"Marc Lou — 1894404738944295406","https://x.com/marclou/status/1894404738944295406","Marc Lou","marclou","2025-02-25T15:11:00.000Z","1894404738944295406",""
"Amit — 1896100713635188808","https://x.com/HeyAmit_/status/1896100713635188808","Amit","HeyAmit_","2025-03-02T07:30:12.000Z","1896100713635188808",""
"Min Choi — 1906127392734642421","https://x.com/minchoi/status/1906127392734642421","Min Choi","minchoi","2025-03-29T23:32:39.000Z","1906127392734642421",""
"Paul William Harmon — 1907086335263015334","https://x.com/TheHarmonX/status/1907086335263015334","Paul William Harmon","TheHarmonX","2025-04-01T15:03:08.000Z","1907086335263015334",""
"Ryan Hashemi — 1907450254435479612","https://x.com/ryanhashemi_/status/1907450254435479612","Ryan Hashemi","ryanhashemi_","2025-04-02T15:09:14.000Z","1907450254435479612",""
"Ryan Hashemi — 1907450303290704189","https://x.com/ryanhashemi_/status/1907450303290704189","Ryan Hashemi","ryanhashemi_","2025-04-02T15:09:25.000Z","1907450303290704189",""
"GREG ISENBERG — 1907946228857581958","https://x.com/gregisenberg/status/1907946228857581958","GREG ISENBERG","gregisenberg","2025-04-04T00:00:03.000Z","1907946228857581958",""
"kamran Hassan — 1908477191798874366","https://x.com/Rana_kamran43/status/1908477191798874366","kamran Hassan","Rana_kamran43","2025-04-05T11:09:54.000Z","1908477191798874366",""
"Bryan Ng — 1908625878025666795","https://x.com/boomerrbryan/status/1908625878025666795","Bryan Ng","boomerrbryan","2025-04-05T21:00:44.000Z","1908625878025666795",""
"Amit — 1908784315682422856","https://x.com/HeyAmit_/status/1908784315682422856","Amit","HeyAmit_","2025-04-06T07:30:19.000Z","1908784315682422856",""
"MaximeB — 1908795563254190418","https://x.com/MaximeMB_/status/1908795563254190418","MaximeB","MaximeMB_","2025-04-06T08:15:00.000Z","1908795563254190418",""
"Jeddi — 1909961947690185113","https://x.com/antinertia/status/1909961947690185113","Jeddi","antinertia","2025-04-09T13:29:48.000Z","1909961947690185113",""
"Aadit Sheth — 1910009943593251117","https://x.com/aaditsh/status/1910009943593251117","Aadit Sheth","aaditsh","2025-04-09T16:40:31.000Z","1910009943593251117",""
"ℏεsam — 1910038462771691737","https://x.com/Hesamation/status/1910038462771691737","ℏεsam","Hesamation","2025-04-09T18:33:50.000Z","1910038462771691737",""
"Jaynit Makwana — 1913502928628855132","https://x.com/JaynitMakwana/status/1913502928628855132","Jaynit Makwana","JaynitMakwana","2025-04-19T08:00:24.000Z","1913502928628855132",""
"GREG ISENBERG — 1913745574576169215","https://x.com/gregisenberg/status/1913745574576169215","GREG ISENBERG","gregisenberg","2025-04-20T00:04:35.000Z","1913745574576169215",""
"John Rush — 1913804824514347183","https://x.com/johnrushx/status/1913804824514347183","John Rush","johnrushx","2025-04-20T04:00:01.000Z","1913804824514347183",""
"Denislav Jeliazkov — 1914358072199536973","https://x.com/DenisJeliazkov/status/1914358072199536973","Denislav Jeliazkov","DenisJeliazkov","2025-04-21T16:38:26.000Z","1914358072199536973",""
"Ben Lang — 1914379800376209806","https://x.com/benln/status/1914379800376209806","Ben Lang","benln","2025-04-21T18:04:46.000Z","1914379800376209806",""
"Dan — 1914618354859384860","https://x.com/d4m1n/status/1914618354859384860","Dan","d4m1n","2025-04-22T09:52:42.000Z","1914618354859384860",""
"Matt Shumer — 1915061961332507081","https://x.com/mattshumer_/status/1915061961332507081","Matt Shumer","mattshumer_","2025-04-23T15:15:26.000Z","1915061961332507081",""
"Bo Bohunicky — 1915382380073828662","https://x.com/TheIntegralPath/status/1915382380073828662","Bo Bohunicky","TheIntegralPath","2025-04-24T12:28:40.000Z","1915382380073828662",""
"Joe Speiser — 1917014600282755266","https://x.com/jspeiser/status/1917014600282755266","Joe Speiser","jspeiser","2025-04-29T00:34:31.000Z","1917014600282755266",""
"Eli Langer — 1917031588870951299","https://x.com/EliLanger/status/1917031588870951299","Eli Langer","EliLanger","2025-04-29T01:42:02.000Z","1917031588870951299",""
"Linus ✦ Ekenstam — 1917183939619480008","https://x.com/LinusEkenstam/status/1917183939619480008","Linus ✦ Ekenstam","LinusEkenstam","2025-04-29T11:47:25.000Z","1917183939619480008",""
"toly — 1917283335275217202","https://x.com/toly/status/1917283335275217202","toly","toly","2025-04-29T18:22:23.000Z","1917283335275217202",""
"Noah — 1917293636712292775","https://x.com/noahreeveshq/status/1917293636712292775","Noah","noahreeveshq","2025-04-29T19:03:19.000Z","1917293636712292775",""
"Ben Lang — 1917627576962388078","https://x.com/benln/status/1917627576962388078","Ben Lang","benln","2025-04-30T17:10:16.000Z","1917627576962388078",""
"Chris Fralic — 1917709249016389945","https://x.com/chrisfralic/status/1917709249016389945","Chris Fralic","chrisfralic","2025-04-30T22:34:48.000Z","1917709249016389945",""
"GREG ISENBERG — 1918318421412069848","https://x.com/gregisenberg/status/1918318421412069848","GREG ISENBERG","gregisenberg","2025-05-02T14:55:26.000Z","1918318421412069848",""
"EP — 1918333994695049694","https://x.com/eptwts/status/1918333994695049694","EP","eptwts","2025-05-02T15:57:19.000Z","1918333994695049694",""
"Suhail — 1919067533891514455","https://x.com/Suhail/status/1919067533891514455","Suhail","Suhail","2025-05-04T16:32:09.000Z","1919067533891514455",""
"Paul Graham — 1919144731369472225","https://x.com/paulg/status/1919144731369472225","Paul Graham","paulg","2025-05-04T21:38:54.000Z","1919144731369472225",""
"Ben Lang — 1920475045006028950","https://x.com/benln/status/1920475045006028950","Ben Lang","benln","2025-05-08T13:45:06.000Z","1920475045006028950",""
"John Rush — 1920690207785185739","https://x.com/johnrushx/status/1920690207785185739","John Rush","johnrushx","2025-05-09T04:00:04.000Z","1920690207785185739",""
"Solt Wagner — 1920740811916144713","https://x.com/soltwagner/status/1920740811916144713","Solt Wagner","soltwagner","2025-05-09T07:21:09.000Z","1920740811916144713",""
"John Rush — 1920848395612418227","https://x.com/johnrushx/status/1920848395612418227","John Rush","johnrushx","2025-05-09T14:28:39.000Z","1920848395612418227",""
"Aadit Sheth — 1921197040799019088","https://x.com/aaditsh/status/1921197040799019088","Aadit Sheth","aaditsh","2025-05-10T13:34:03.000Z","1921197040799019088",""
"John Rush — 1928096496987066604","https://x.com/johnrushx/status/1928096496987066604","John Rush","johnrushx","2025-05-29T14:30:01.000Z","1928096496987066604",""
"OneFootball — 1928918967638270366","https://x.com/OneFootball/status/1928918967638270366","OneFootball","OneFootball","2025-05-31T20:58:14.000Z","1928918967638270366",""
"Codie Sanchez — 1930256749769920751","https://x.com/Codie_Sanchez/status/1930256749769920751","Codie Sanchez","Codie_Sanchez","2025-06-04T13:34:06.000Z","1930256749769920751",""
"Codie Sanchez — 1930257009233777150","https://x.com/Codie_Sanchez/status/1930257009233777150","Codie Sanchez","Codie_Sanchez","2025-06-04T13:35:08.000Z","1930257009233777150",""
"Codie Sanchez — 1930257023544758693","https://x.com/Codie_Sanchez/status/1930257023544758693","Codie Sanchez","Codie_Sanchez","2025-06-04T13:35:11.000Z","1930257023544758693",""
"Codie Sanchez — 1930257291674042874","https://x.com/Codie_Sanchez/status/1930257291674042874","Codie Sanchez","Codie_Sanchez","2025-06-04T13:36:15.000Z","1930257291674042874",""
"Codie Sanchez — 1930257316495987085","https://x.com/Codie_Sanchez/status/1930257316495987085","Codie Sanchez","Codie_Sanchez","2025-06-04T13:36:21.000Z","1930257316495987085",""
"Actuel Moyen Âge — 1930523245536518409","https://x.com/AgeMoyen/status/1930523245536518409","Actuel Moyen Âge","AgeMoyen","2025-06-05T07:13:03.000Z","1930523245536518409",""
"Linus ✦ Ekenstam — 1930626566612304164","https://x.com/LinusEkenstam/status/1930626566612304164","Linus ✦ Ekenstam","LinusEkenstam","2025-06-05T14:03:37.000Z","1930626566612304164",""
"Navalism — 1930851393218224240","https://x.com/NavalismHQ/status/1930851393218224240","Navalism","NavalismHQ","2025-06-06T04:57:00.000Z","1930851393218224240",""
"Tim Denning — 1930945606580666728","https://x.com/Tim_Denning/status/1930945606580666728","Tim Denning","Tim_Denning","2025-06-06T11:11:22.000Z","1930945606580666728",""
"jason liu — 1931003015051518077","https://x.com/jxnlco/status/1931003015051518077","jason liu","jxnlco","2025-06-06T14:59:29.000Z","1931003015051518077",""
"Le Meilleur du PSG — 1931008898971918635","https://x.com/LMDPSG/status/1931008898971918635","Le Meilleur du PSG","LMDPSG","2025-06-06T15:22:52.000Z","1931008898971918635",""
"tyler hogge — 1931012715188785263","https://x.com/thogge/status/1931012715188785263","tyler hogge","thogge","2025-06-06T15:38:02.000Z","1931012715188785263",""
"Navalism — 1931275689803542608","https://x.com/NavalismHQ/status/1931275689803542608","Navalism","NavalismHQ","2025-06-07T09:03:00.000Z","1931275689803542608",""
"Panam’s — 1931348774619640087","https://x.com/panams75/status/1931348774619640087","Panam’s","panams75","2025-06-07T13:53:25.000Z","1931348774619640087",""
"Panam’s — 1933203319423397958","https://x.com/panams75/status/1933203319423397958","Panam’s","panams75","2025-06-12T16:42:43.000Z","1933203319423397958",""
"Hosun Chung — 1944404688536994015","https://x.com/hosun_chung/status/1944404688536994015","Hosun Chung","hosun_chung","2025-07-13T14:32:57.000Z","1944404688536994015",""
"Codie Sanchez — 1945221850423848998","https://x.com/Codie_Sanchez/status/1945221850423848998","Codie Sanchez","Codie_Sanchez","2025-07-15T20:40:04.000Z","1945221850423848998",""
"Sam Altman — 1952084574366032354","https://x.com/sama/status/1952084574366032354","Sam Altman","sama","2025-08-03T19:10:05.000Z","1952084574366032354",""
"Louis Gleeson — 1956647158679310517","https://x.com/aigleeson/status/1956647158679310517","Louis Gleeson","aigleeson","2025-08-16T09:20:10.000Z","1956647158679310517",""
"cinesthetic. — 1956672788254642274","https://x.com/TheCinesthetic/status/1956672788254642274","cinesthetic.","TheCinesthetic","2025-08-16T11:02:00.000Z","1956672788254642274",""
"GREG ISENBERG — 1956703650744578091","https://x.com/gregisenberg/status/1956703650744578091","GREG ISENBERG","gregisenberg","2025-08-16T13:04:38.000Z","1956703650744578091",""
"Alex Prompter — 1957517186446274571","https://x.com/alex_prompter/status/1957517186446274571","Alex Prompter","alex_prompter","2025-08-18T18:57:20.000Z","1957517186446274571",""
"𝕛𝕖𝕗𝕗 — 1957697254875095149","https://x.com/MSJF03/status/1957697254875095149","𝕛𝕖𝕗𝕗","MSJF03","2025-08-19T06:52:52.000Z","1957697254875095149",""
"David Quinn — 1957763046572527714","https://x.com/DavQuinn/status/1957763046572527714","David Quinn","DavQuinn","2025-08-19T11:14:18.000Z","1957763046572527714",""
"Tom — 1957792907269927230","https://x.com/tomcrawshaw01/status/1957792907269927230","Tom","tomcrawshaw01","2025-08-19T13:12:57.000Z","1957792907269927230",""
"Trung Phan — 1957870576628035730","https://x.com/TrungTPhan/status/1957870576628035730","Trung Phan","TrungTPhan","2025-08-19T18:21:35.000Z","1957870576628035730",""
"Matteo Franceschetti — 1957883625489227858","https://x.com/m_franceschetti/status/1957883625489227858","Matteo Franceschetti","m_franceschetti","2025-08-19T19:13:26.000Z","1957883625489227858",""
"JB — 1957890827897958535","https://x.com/justbuilding/status/1957890827897958535","JB","justbuilding","2025-08-19T19:42:03.000Z","1957890827897958535",""
"Niko Ludwig — 1957902650252398629","https://x.com/Collateral_com/status/1957902650252398629","Niko Ludwig","Collateral_com","2025-08-19T20:29:02.000Z","1957902650252398629",""
"The Startup Ideas Podcast (SIP) — 1958262568247763231","https://x.com/startupideaspod/status/1958262568247763231","The Startup Ideas Podcast (SIP)","startupideaspod","2025-08-20T20:19:13.000Z","1958262568247763231",""
"Boring_Business — 1958303343174185282","https://x.com/BoringBiz_/status/1958303343174185282","Boring_Business","BoringBiz_","2025-08-20T23:01:15.000Z","1958303343174185282",""
"tex mex nihilo — 1958311741127111000","https://x.com/flex_nihilo/status/1958311741127111000","tex mex nihilo","flex_nihilo","2025-08-20T23:34:37.000Z","1958311741127111000",""
"future cigarette mom — 1958331700829733244","https://x.com/thr0at_g0at__/status/1958331700829733244","future cigarette mom","thr0at_g0at__","2025-08-21T00:53:56.000Z","1958331700829733244",""
"John Rush — 1958363431922500053","https://x.com/johnrushx/status/1958363431922500053","John Rush","johnrushx","2025-08-21T03:00:01.000Z","1958363431922500053",""
"Blake Burge — 1958549679899099536","https://x.com/blakeaburge/status/1958549679899099536","Blake Burge","blakeaburge","2025-08-21T15:20:06.000Z","1958549679899099536",""
"critter — 1959029696781590633","https://x.com/BecomingCritter/status/1959029696781590633","critter","BecomingCritter","2025-08-22T23:07:31.000Z","1959029696781590633",""
"Karl Mehta — 1959242981921497093","https://x.com/karlmehta/status/1959242981921497093","Karl Mehta","karlmehta","2025-08-23T13:15:02.000Z","1959242981921497093",""
"The Startup Ideas Podcast (SIP) — 1959295358527549910","https://x.com/startupideaspod/status/1959295358527549910","The Startup Ideas Podcast (SIP)","startupideaspod","2025-08-23T16:43:10.000Z","1959295358527549910",""
"The Figen — 1959363642601750963","https://x.com/TheFigen_/status/1959363642601750963","The Figen","TheFigen_","2025-08-23T21:14:30.000Z","1959363642601750963",""
"VEO — 1959376019170939116","https://x.com/vrexec/status/1959376019170939116","VEO","vrexec","2025-08-23T22:03:41.000Z","1959376019170939116",""
"GitHub Projects Community — 1959611412055240820","https://x.com/GithubProjects/status/1959611412055240820","GitHub Projects Community","GithubProjects","2025-08-24T13:39:03.000Z","1959611412055240820",""
"Dudes Posting Their W’s — 1959745786343723251","https://x.com/DudespostingWs/status/1959745786343723251","Dudes Posting Their W’s","DudespostingWs","2025-08-24T22:33:00.000Z","1959745786343723251",""
"Florian Darroman — 1959960478051877285","https://x.com/floriandarroman/status/1959960478051877285","Florian Darroman","floriandarroman","2025-08-25T12:46:06.000Z","1959960478051877285",""
"GREG ISENBERG — 1960118007176323238","https://x.com/gregisenberg/status/1960118007176323238","GREG ISENBERG","gregisenberg","2025-08-25T23:12:04.000Z","1960118007176323238",""
"Wholesome Side of 𝕏 — 1961146235714506842","https://x.com/itsme_urstruly/status/1961146235714506842","Wholesome Side of 𝕏","itsme_urstruly","2025-08-28T19:17:53.000Z","1961146235714506842",""
"Mind Essentials — 1961217234103042137","https://x.com/Mind_Essentials/status/1961217234103042137","Mind Essentials","Mind_Essentials","2025-08-29T00:00:00.000Z","1961217234103042137",""
"Alex Banks — 1961415269332443456","https://x.com/thealexbanks/status/1961415269332443456","Alex Banks","thealexbanks","2025-08-29T13:06:56.000Z","1961415269332443456",""
"Matthieu Gariel — eu/acc — 1961533218693218588","https://x.com/MatthieuGariel/status/1961533218693218588","Matthieu Gariel — eu/acc","MatthieuGariel","2025-08-29T20:55:37.000Z","1961533218693218588",""
"Paul Graham — 1962736318049288199","https://x.com/paulg/status/1962736318049288199","Paul Graham","paulg","2025-09-02T04:36:18.000Z","1962736318049288199",""
"HOUSE PORN — 1962955672829481203","https://x.com/HOUSEPORN___/status/1962955672829481203","HOUSE PORN","HOUSEPORN___","2025-09-02T19:07:57.000Z","1962955672829481203",""
"Amanda Goodall — 1962961616049471930","https://x.com/thejobchick/status/1962961616049471930","Amanda Goodall","thejobchick","2025-09-02T19:31:33.000Z","1962961616049471930",""
"Josh Pigford — 1963720459419365716","https://x.com/Shpigford/status/1963720459419365716","Josh Pigford","Shpigford","2025-09-04T21:46:56.000Z","1963720459419365716",""
"George Stock — 1964749411679895619","https://x.com/georgesttock/status/1964749411679895619","George Stock","georgesttock","2025-09-07T17:55:37.000Z","1964749411679895619",""
"Ahmad — 1964869801404420396","https://x.com/TheAhmadOsman/status/1964869801404420396","Ahmad","TheAhmadOsman","2025-09-08T01:54:00.000Z","1964869801404420396",""
"mitsuri — 1964908942292861200","https://x.com/0xmitsurii/status/1964908942292861200","mitsuri","0xmitsurii","2025-09-08T04:29:32.000Z","1964908942292861200",""
"Book Therapy — 1964984557997842867","https://x.com/Book_therapy223/status/1964984557997842867","Book Therapy","Book_therapy223","2025-09-08T09:30:00.000Z","1964984557997842867",""
"Linus ✦ Ekenstam — 1965014479760204118","https://x.com/LinusEkenstam/status/1965014479760204118","Linus ✦ Ekenstam","LinusEkenstam","2025-09-08T11:28:54.000Z","1965014479760204118",""
"Sahil Bloom — 1965028067879043580","https://x.com/SahilBloom/status/1965028067879043580","Sahil Bloom","SahilBloom","2025-09-08T12:22:54.000Z","1965028067879043580",""
"GREG ISENBERG — 1965052581924803013","https://x.com/gregisenberg/status/1965052581924803013","GREG ISENBERG","gregisenberg","2025-09-08T14:00:19.000Z","1965052581924803013",""
"Dear Self. — 1965275373010403461","https://x.com/Dearme2_/status/1965275373010403461","Dear Self.","Dearme2_","2025-09-09T04:45:36.000Z","1965275373010403461",""
"GREG ISENBERG — 1965413552157852124","https://x.com/gregisenberg/status/1965413552157852124","GREG ISENBERG","gregisenberg","2025-09-09T13:54:41.000Z","1965413552157852124",""
"Basic Apple Guy — 1965510444363514101","https://x.com/BasicAppleGuy/status/1965510444363514101","Basic Apple Guy","BasicAppleGuy","2025-09-09T20:19:42.000Z","1965510444363514101",""
"Imade. — 1965527764167262336","https://x.com/ImadeIyamu/status/1965527764167262336","Imade.","ImadeIyamu","2025-09-09T21:28:31.000Z","1965527764167262336",""
"Dividend Growth Investor — 1965534428824043575","https://x.com/DividendGrowth/status/1965534428824043575","Dividend Growth Investor","DividendGrowth","2025-09-09T21:55:00.000Z","1965534428824043575",""
"Viktor Oddy — 1965716186764878095","https://x.com/viktoroddy/status/1965716186764878095","Viktor Oddy","viktoroddy","2025-09-10T09:57:14.000Z","1965716186764878095",""
"Guillermo Flor — 1966170822239985959","https://x.com/guilleflorvs/status/1966170822239985959","Guillermo Flor","guilleflorvs","2025-09-11T16:03:48.000Z","1966170822239985959",""
"Deep Psychology — 1966196683215351909","https://x.com/DeepPsycho_HQ/status/1966196683215351909","Deep Psychology","DeepPsycho_HQ","2025-09-11T17:46:34.000Z","1966196683215351909",""
"vas — 1966264982905254343","https://x.com/vasuman/status/1966264982905254343","vas","vasuman","2025-09-11T22:17:58.000Z","1966264982905254343",""
"Paul Graham — 1966429349944418362","https://x.com/paulg/status/1966429349944418362","Paul Graham","paulg","2025-09-12T09:11:06.000Z","1966429349944418362",""
"GREG ISENBERG — 1966589444279914919","https://x.com/gregisenberg/status/1966589444279914919","GREG ISENBERG","gregisenberg","2025-09-12T19:47:15.000Z","1966589444279914919",""
"Idea Browser — 1966593112077463953","https://x.com/ideabrowser/status/1966593112077463953","Idea Browser","ideabrowser","2025-09-12T20:01:50.000Z","1966593112077463953",""
"GREG ISENBERG — 1966915128257110133","https://x.com/gregisenberg/status/1966915128257110133","GREG ISENBERG","gregisenberg","2025-09-13T17:21:24.000Z","1966915128257110133",""
"GREG ISENBERG — 1967227456814821629","https://x.com/gregisenberg/status/1967227456814821629","GREG ISENBERG","gregisenberg","2025-09-14T14:02:29.000Z","1967227456814821629",""
"GREG ISENBERG — 1967737940743717373","https://x.com/gregisenberg/status/1967737940743717373","GREG ISENBERG","gregisenberg","2025-09-15T23:50:58.000Z","1967737940743717373",""
"GREG ISENBERG — 1968474931638718666","https://x.com/gregisenberg/status/1968474931638718666","GREG ISENBERG","gregisenberg","2025-09-18T00:39:30.000Z","1968474931638718666",""
"robin — 1968799786154221605","https://x.com/zebird0/status/1968799786154221605","robin","zebird0","2025-09-18T22:10:22.000Z","1968799786154221605",""
"Reads with Ravi — 1968889554649174490","https://x.com/readswithravi/status/1968889554649174490","Reads with Ravi","readswithravi","2025-09-19T04:07:04.000Z","1968889554649174490",""
"Claude — 1970541285615264071","https://x.com/claudeai/status/1970541285615264071","Claude","claudeai","2025-09-23T17:30:28.000Z","1970541285615264071",""
"Aadit Sheth — 1970555589215560163","https://x.com/aaditsh/status/1970555589215560163","Aadit Sheth","aaditsh","2025-09-23T18:27:18.000Z","1970555589215560163",""
"B — 1970865860261609931","https://x.com/itswithinme_/status/1970865860261609931","B","itswithinme_","2025-09-24T15:00:12.000Z","1970865860261609931",""
"non aesthetic things — 1970966599713607847","https://x.com/PicturesFoIder/status/1970966599713607847","non aesthetic things","PicturesFoIder","2025-09-24T21:40:30.000Z","1970966599713607847",""
"Jason Fried — 1971341145574986001","https://x.com/jasonfried/status/1971341145574986001","Jason Fried","jasonfried","2025-09-25T22:28:49.000Z","1971341145574986001",""
"GREG ISENBERG — 1971557829237756104","https://x.com/gregisenberg/status/1971557829237756104","GREG ISENBERG","gregisenberg","2025-09-26T12:49:50.000Z","1971557829237756104",""
"TheBetterPath — 1971774194125074484","https://x.com/TheBetterPath_/status/1971774194125074484","TheBetterPath","TheBetterPath_","2025-09-27T03:09:36.000Z","1971774194125074484",""
"Himanshu — 1971911092206293283","https://x.com/him_uiux/status/1971911092206293283","Himanshu","him_uiux","2025-09-27T12:13:35.000Z","1971911092206293283",""
"Instant Foot — 1972054100272718122","https://x.com/lnstantFoot/status/1972054100272718122","Instant Foot","lnstantFoot","2025-09-27T21:41:51.000Z","1972054100272718122",""
"𝐏𝐒𝐆𝐈𝐍𝐓 — 1972074214632182115","https://x.com/PSGINT_/status/1972074214632182115","𝐏𝐒𝐆𝐈𝐍𝐓","PSGINT_","2025-09-27T23:01:46.000Z","1972074214632182115",""
"Sheel Mohnot — 1972297067684122863","https://x.com/pitdesi/status/1972297067684122863","Sheel Mohnot","pitdesi","2025-09-28T13:47:19.000Z","1972297067684122863",""
"insane poses — 1972600488379183256","https://x.com/insaneposes/status/1972600488379183256","insane poses","insaneposes","2025-09-29T09:53:00.000Z","1972600488379183256",""
"Empire Mindset | Wealth Architect — 1972603523394142595","https://x.com/guideforman/status/1972603523394142595","Empire Mindset | Wealth Architect","guideforman","2025-09-29T10:05:03.000Z","1972603523394142595",""
"tobi lutke — 1972713979576549565","https://x.com/tobi/status/1972713979576549565","tobi lutke","tobi","2025-09-29T17:23:58.000Z","1972713979576549565",""
"Aakash Gupta — 1972747768130396389","https://x.com/aakashgupta/status/1972747768130396389","Aakash Gupta","aakashgupta","2025-09-29T19:38:14.000Z","1972747768130396389",""
"Empire Mindset | Wealth Architect — 1973062828996047274","https://x.com/guideforman/status/1973062828996047274","Empire Mindset | Wealth Architect","guideforman","2025-09-30T16:30:10.000Z","1973062828996047274",""
"Lex Fridman — 1973111601470513650","https://x.com/lexfridman/status/1973111601470513650","Lex Fridman","lexfridman","2025-09-30T19:43:59.000Z","1973111601470513650",""
"Ash Arora — 1973699710788710817","https://x.com/asharoraa/status/1973699710788710817","Ash Arora","asharoraa","2025-10-02T10:40:55.000Z","1973699710788710817",""
"PSGINSIDE-ACTUS — 1973806246668218622","https://x.com/PSGInside_Actu/status/1973806246668218622","PSGINSIDE-ACTUS","PSGInside_Actu","2025-10-02T17:44:15.000Z","1973806246668218622",""
"Alex Hormozi — 1973870305945780712","https://x.com/AlexHormozi/status/1973870305945780712","Alex Hormozi","AlexHormozi","2025-10-02T21:58:48.000Z","1973870305945780712",""
"Reads with Ravi — 1974689062390038712","https://x.com/readswithravi/status/1974689062390038712","Reads with Ravi","readswithravi","2025-10-05T04:12:15.000Z","1974689062390038712",""
"Naval — 1974693789374833019","https://x.com/naval/status/1974693789374833019","Naval","naval","2025-10-05T04:31:02.000Z","1974693789374833019",""
"Aesthetics 𝕏 — 1974878371361456625","https://x.com/aestheticsguyy/status/1974878371361456625","Aesthetics 𝕏","aestheticsguyy","2025-10-05T16:44:29.000Z","1974878371361456625",""
"Nelly; — 1975428187770527760","https://x.com/nrqa__/status/1975428187770527760","Nelly;","nrqa__","2025-10-07T05:09:16.000Z","1975428187770527760",""
"Daniel San — 1979349357636767986","https://x.com/dani_avila7/status/1979349357636767986","Daniel San","dani_avila7","2025-10-18T00:50:36.000Z","1979349357636767986",""
"Knowledge Bank — 1980534306666869218","https://x.com/xKnowledgeBANK/status/1980534306666869218","Knowledge Bank","xKnowledgeBANK","2025-10-21T07:19:09.000Z","1980534306666869218",""
"Lovable — 1980650647096836357","https://x.com/Lovable/status/1980650647096836357","Lovable","Lovable","2025-10-21T15:01:27.000Z","1980650647096836357",""
"OpenAI — 1980685602384441368","https://x.com/OpenAI/status/1980685602384441368","OpenAI","OpenAI","2025-10-21T17:20:21.000Z","1980685602384441368",""
"BeFootball — 1980896966658924908","https://x.com/_BeFootball/status/1980896966658924908","BeFootball","_BeFootball","2025-10-22T07:20:14.000Z","1980896966658924908",""
"DataMB — 1980944849986629675","https://x.com/DataMB_/status/1980944849986629675","DataMB","DataMB_","2025-10-22T10:30:31.000Z","1980944849986629675",""
"Tyler — 1980976858809430489","https://x.com/TylerDurden/status/1980976858809430489","Tyler","TylerDurden","2025-10-22T12:37:42.000Z","1980976858809430489",""
"Julien Froment — 1981052492374036535","https://x.com/JulienFroment/status/1981052492374036535","Julien Froment","JulienFroment","2025-10-22T17:38:15.000Z","1981052492374036535",""
"Honestly with Bari Weiss — 1981063153459879954","https://x.com/thehonestlypod/status/1981063153459879954","Honestly with Bari Weiss","thehonestlypod","2025-10-22T18:20:36.000Z","1981063153459879954",""
"Alex Recouso — 1981083568010121547","https://x.com/recouso/status/1981083568010121547","Alex Recouso","recouso","2025-10-22T19:41:44.000Z","1981083568010121547",""
"TIBO — 1981097047613919614","https://x.com/cmoitibo/status/1981097047613919614","TIBO","cmoitibo","2025-10-22T20:35:17.000Z","1981097047613919614",""
"Dear Self. — 1984230478254416268","https://x.com/Dearme2_/status/1984230478254416268","Dear Self.","Dearme2_","2025-10-31T12:06:25.000Z","1984230478254416268",""
"Machina — 1984282226595619032","https://x.com/EXM7777/status/1984282226595619032","Machina","EXM7777","2025-10-31T15:32:03.000Z","1984282226595619032",""
"Machina — 1985355967324971087","https://x.com/EXM7777/status/1985355967324971087","Machina","EXM7777","2025-11-03T14:38:43.000Z","1985355967324971087",""
"Jeba — 1985545034322870614","https://x.com/Thomas_jebarsan/status/1985545034322870614","Jeba","Thomas_jebarsan","2025-11-04T03:10:00.000Z","1985545034322870614",""
"Auren Hoffman — 1987294569671893127","https://x.com/auren/status/1987294569671893127","Auren Hoffman","auren","2025-11-08T23:02:02.000Z","1987294569671893127",""
"Alex Lieberman — 1987582651713134861","https://x.com/businessbarista/status/1987582651713134861","Alex Lieberman","businessbarista","2025-11-09T18:06:46.000Z","1987582651713134861",""
"Rohit Mittal — 1987608127655538755","https://x.com/rohitdotmittal/status/1987608127655538755","Rohit Mittal","rohitdotmittal","2025-11-09T19:48:00.000Z","1987608127655538755",""
"Ernesto Lopez — 1987883386296258994","https://x.com/ErnestoSOFTWARE/status/1987883386296258994","Ernesto Lopez","ErnestoSOFTWARE","2025-11-10T14:01:47.000Z","1987883386296258994",""
"Garry Tan — 1988287261067338014","https://x.com/garrytan/status/1988287261067338014","Garry Tan","garrytan","2025-11-11T16:46:38.000Z","1988287261067338014",""
"Mike Futia — 1988639255845871902","https://x.com/mikefutia/status/1988639255845871902","Mike Futia","mikefutia","2025-11-12T16:05:20.000Z","1988639255845871902",""
"Paul Graham — 1988986258430075207","https://x.com/paulg/status/1988986258430075207","Paul Graham","paulg","2025-11-13T15:04:12.000Z","1988986258430075207",""
"aditya — 1989027185617953267","https://x.com/adxtyahq/status/1989027185617953267","aditya","adxtyahq","2025-11-13T17:46:50.000Z","1989027185617953267",""
"inhuman resources — 1989108218984034412","https://x.com/inhumandept_vp/status/1989108218984034412","inhuman resources","inhumandept_vp","2025-11-13T23:08:49.000Z","1989108218984034412",""
"Ayda @Interfacer. — 1989478000107106449","https://x.com/aydaoz/status/1989478000107106449","Ayda @Interfacer.","aydaoz","2025-11-14T23:38:12.000Z","1989478000107106449",""
"Rumi — 1989770198442799551","https://x.com/rumilyrics/status/1989770198442799551","Rumi","rumilyrics","2025-11-15T18:59:18.000Z","1989770198442799551",""
"Max — 1989953370527076755","https://x.com/minordissent/status/1989953370527076755","Max","minordissent","2025-11-16T07:07:09.000Z","1989953370527076755",""
"Elena Song — 1989994955289374960","https://x.com/elenasongsong/status/1989994955289374960","Elena Song","elenasongsong","2025-11-16T09:52:24.000Z","1989994955289374960",""
"Barbell Financial — 1990403838700851705","https://x.com/BarbellFi/status/1990403838700851705","Barbell Financial","BarbellFi","2025-11-17T12:57:09.000Z","1990403838700851705",""
"Gaurav — 1991171278255059000","https://x.com/gaurav_mahto18/status/1991171278255059000","Gaurav","gaurav_mahto18","2025-11-19T15:46:41.000Z","1991171278255059000",""
"Dave Jones — 1991293066175492297","https://x.com/eevblog/status/1991293066175492297","Dave Jones","eevblog","2025-11-19T23:50:38.000Z","1991293066175492297",""
"Thomas Chua — 1991319901253038428","https://x.com/SteadyCompound/status/1991319901253038428","Thomas Chua","SteadyCompound","2025-11-20T01:37:16.000Z","1991319901253038428",""
"Meng To — 1991489885690364187","https://x.com/MengTo/status/1991489885690364187","Meng To","MengTo","2025-11-20T12:52:43.000Z","1991489885690364187",""
"Meng To — 1991508517895999530","https://x.com/MengTo/status/1991508517895999530","Meng To","MengTo","2025-11-20T14:06:45.000Z","1991508517895999530",""
"George Pu — 1991510863644098712","https://x.com/TheGeorgePu/status/1991510863644098712","George Pu","TheGeorgePu","2025-11-20T14:16:05.000Z","1991510863644098712",""
"Kr$na — 1991737357452947482","https://x.com/krishdotdev/status/1991737357452947482","Kr$na","krishdotdev","2025-11-21T05:16:05.000Z","1991737357452947482",""
"Karri Saarinen — 1991950748792627248","https://x.com/karrisaarinen/status/1991950748792627248","Karri Saarinen","karrisaarinen","2025-11-21T19:24:01.000Z","1991950748792627248",""
"jonathan liu — 1992019916569051554","https://x.com/jonathanzliu/status/1992019916569051554","jonathan liu","jonathanzliu","2025-11-21T23:58:52.000Z","1992019916569051554",""
"Jaynit — 1992179014996279413","https://x.com/jaynitx/status/1992179014996279413","Jaynit","jaynitx","2025-11-22T10:31:04.000Z","1992179014996279413",""
"Simon — 1992264600629203334","https://x.com/nomistair/status/1992264600629203334","Simon","nomistair","2025-11-22T16:11:09.000Z","1992264600629203334",""
"Garry Tan — 1992283573970497661","https://x.com/garrytan/status/1992283573970497661","Garry Tan","garrytan","2025-11-22T17:26:33.000Z","1992283573970497661",""
"Starter Story — 1992343091307811015","https://x.com/starter_story/status/1992343091307811015","Starter Story","starter_story","2025-11-22T21:23:03.000Z","1992343091307811015",""
"Kevin Dahlstrom — 1992958445885198805","https://x.com/Camp4/status/1992958445885198805","Kevin Dahlstrom","Camp4","2025-11-24T14:08:15.000Z","1992958445885198805",""
"Patrick Werner — 1993350612453658642","https://x.com/patwerX/status/1993350612453658642","Patrick Werner","patwerX","2025-11-25T16:06:35.000Z","1993350612453658642",""
"B — 1993410298934645015","https://x.com/itswithinme_/status/1993410298934645015","B","itswithinme_","2025-11-25T20:03:45.000Z","1993410298934645015",""
"@levelsio — 1993692443779145994","https://x.com/levelsio/status/1993692443779145994","@levelsio","levelsio","2025-11-26T14:44:54.000Z","1993692443779145994",""
"Startup Archive — 1995475349807763905","https://x.com/StartupArchive_/status/1995475349807763905","Startup Archive","StartupArchive_","2025-12-01T12:49:32.000Z","1995475349807763905",""
"Garry Tan — 1996257339956248717","https://x.com/garrytan/status/1996257339956248717","Garry Tan","garrytan","2025-12-03T16:36:53.000Z","1996257339956248717",""
"Benjamin Parry — 1997022483300352299","https://x.com/_benjaminparry/status/1997022483300352299","Benjamin Parry","_benjaminparry","2025-12-05T19:17:17.000Z","1997022483300352299",""
"Bryan Johnson — 1997403290171330638","https://x.com/bryan_johnson/status/1997403290171330638","Bryan Johnson","bryan_johnson","2025-12-06T20:30:28.000Z","1997403290171330638",""
"Thomas Sowell Quotes — 1997774365757186294","https://x.com/ThomasSowell/status/1997774365757186294","Thomas Sowell Quotes","ThomasSowell","2025-12-07T21:05:00.000Z","1997774365757186294",""
"Varun Anand — 1998037723458810129","https://x.com/vxanand/status/1998037723458810129","Varun Anand","vxanand","2025-12-08T14:31:29.000Z","1998037723458810129",""
"@Mendes_PSG — 1998093311173677213","https://x.com/Mendes_PSG/status/1998093311173677213","@Mendes_PSG","Mendes_PSG","2025-12-08T18:12:22.000Z","1998093311173677213",""
"pawcord — 1998361498713038874","https://x.com/pawcord/status/1998361498713038874","pawcord","pawcord","2025-12-09T11:58:03.000Z","1998361498713038874",""
"Manthan Gupta — 1998615541574152257","https://x.com/manthanguptaa/status/1998615541574152257","Manthan Gupta","manthanguptaa","2025-12-10T04:47:32.000Z","1998615541574152257",""
"Enezator — 1998875236390023582","https://x.com/Enezator/status/1998875236390023582","Enezator","Enezator","2025-12-10T21:59:28.000Z","1998875236390023582",""
"Naval — 1999366763608441199","https://x.com/naval/status/1999366763608441199","Naval","naval","2025-12-12T06:32:37.000Z","1999366763608441199",""
"🀅 — 1999534223237972301","https://x.com/ecomchigga/status/1999534223237972301","🀅","ecomchigga","2025-12-12T17:38:03.000Z","1999534223237972301",""
"Alex Hormozi — 1999586420688880094","https://x.com/AlexHormozi/status/1999586420688880094","Alex Hormozi","AlexHormozi","2025-12-12T21:05:27.000Z","1999586420688880094",""
"Min Choi — 1999874571806355477","https://x.com/minchoi/status/1999874571806355477","Min Choi","minchoi","2025-12-13T16:10:28.000Z","1999874571806355477",""
"mr fundman — 2000347709375660360","https://x.com/mrfundman/status/2000347709375660360","mr fundman","mrfundman","2025-12-14T23:30:33.000Z","2000347709375660360",""
"PARIN — 2000669097915240755","https://x.com/ParinHeidari/status/2000669097915240755","PARIN","ParinHeidari","2025-12-15T20:47:38.000Z","2000669097915240755",""
"ramé — 2001328201583468945","https://x.com/escritosrame/status/2001328201583468945","ramé","escritosrame","2025-12-17T16:26:40.000Z","2001328201583468945",""
"sankalp — 2001404450196336701","https://x.com/dejavucoder/status/2001404450196336701","sankalp","dejavucoder","2025-12-17T21:29:39.000Z","2001404450196336701",""
"Interesting things — 2001416866850574545","https://x.com/awkwardgoogle/status/2001416866850574545","Interesting things","awkwardgoogle","2025-12-17T22:19:00.000Z","2001416866850574545",""
"Tom Dörr — 2001581161399611483","https://x.com/tom_doerr/status/2001581161399611483","Tom Dörr","tom_doerr","2025-12-18T09:11:51.000Z","2001581161399611483",""
"Robert Youssef — 2001595797025214868","https://x.com/rryssf_/status/2001595797025214868","Robert Youssef","rryssf_","2025-12-18T10:10:00.000Z","2001595797025214868",""
"Nicholas Fabiano, MD — 2001631226113986666","https://x.com/NTFabiano/status/2001631226113986666","Nicholas Fabiano, MD","NTFabiano","2025-12-18T12:30:47.000Z","2001631226113986666",""
"Brent Beshore — 2001668621139890616","https://x.com/BrentBeshore/status/2001668621139890616","Brent Beshore","BrentBeshore","2025-12-18T14:59:23.000Z","2001668621139890616",""
"Nithya Shri — 2001671316051779960","https://x.com/Nithya_Shrii/status/2001671316051779960","Nithya Shri","Nithya_Shrii","2025-12-18T15:10:05.000Z","2001671316051779960",""
"Firecrawl — 2001708833006403716","https://x.com/firecrawl/status/2001708833006403716","Firecrawl","firecrawl","2025-12-18T17:39:10.000Z","2001708833006403716",""
"Rumi — 2002001837004931333","https://x.com/rumilyrics/status/2002001837004931333","Rumi","rumilyrics","2025-12-19T13:03:27.000Z","2002001837004931333",""
"Patrick's AIBuzzNews — 2002020994643370033","https://x.com/AIBuzzNews/status/2002020994643370033","Patrick's AIBuzzNews","AIBuzzNews","2025-12-19T14:19:35.000Z","2002020994643370033",""
"ℏεsam — 2002043132213604717","https://x.com/Hesamation/status/2002043132213604717","ℏεsam","Hesamation","2025-12-19T15:47:33.000Z","2002043132213604717",""
"Andrej Karpathy — 2002118205729562949","https://x.com/karpathy/status/2002118205729562949","Andrej Karpathy","karpathy","2025-12-19T20:45:52.000Z","2002118205729562949",""
"Seedance Clips — 2002189498676109755","https://x.com/SeedanceVideos/status/2002189498676109755","Seedance Clips","SeedanceVideos","2025-12-20T01:29:10.000Z","2002189498676109755",""
"Tom Dörr — 2002205442294915517","https://x.com/tom_doerr/status/2002205442294915517","Tom Dörr","tom_doerr","2025-12-20T02:32:31.000Z","2002205442294915517",""
"Daniel San — 2002207619188944953","https://x.com/dani_avila7/status/2002207619188944953","Daniel San","dani_avila7","2025-12-20T02:41:10.000Z","2002207619188944953",""
"jack — 2002260571148988542","https://x.com/jack/status/2002260571148988542","jack","jack","2025-12-20T06:11:35.000Z","2002260571148988542",""
"Ilya Berdysh — 2002356632596934822","https://x.com/ilyaberdysh/status/2002356632596934822","Ilya Berdysh","ilyaberdysh","2025-12-20T12:33:17.000Z","2002356632596934822",""
"Melvin Vivas — 2002383613837427016","https://x.com/donvito/status/2002383613837427016","Melvin Vivas","donvito","2025-12-20T14:20:30.000Z","2002383613837427016",""
"Sukhada — 2002947431428980794","https://x.com/appadappajappa/status/2002947431428980794","Sukhada","appadappajappa","2025-12-22T03:40:55.000Z","2002947431428980794",""
"Nathan Covey — 2003200386988212468","https://x.com/nathan_covey/status/2003200386988212468","Nathan Covey","nathan_covey","2025-12-22T20:26:04.000Z","2003200386988212468",""
"Peter Yang — 2003488313626546454","https://x.com/petergyang/status/2003488313626546454","Peter Yang","petergyang","2025-12-23T15:30:11.000Z","2003488313626546454",""
"Jaya Gupta — 2003525933534179480","https://x.com/JayaGup10/status/2003525933534179480","Jaya Gupta","JayaGup10","2025-12-23T17:59:40.000Z","2003525933534179480",""
"John Rich — 2003671861050085621","https://x.com/johnrich/status/2003671861050085621","John Rich","johnrich","2025-12-24T03:39:32.000Z","2003671861050085621",""
"mitsuri — 2003807193163067614","https://x.com/0xmitsurii/status/2003807193163067614","mitsuri","0xmitsurii","2025-12-24T12:37:18.000Z","2003807193163067614",""
"Peter Steinberger — 2005451576971043097","https://x.com/steipete/status/2005451576971043097","Peter Steinberger","steipete","2025-12-29T01:31:30.000Z","2005451576971043097",""
"rahul — 2006090208823910573","https://x.com/rahulgs/status/2006090208823910573","rahul","rahulgs","2025-12-30T19:49:11.000Z","2006090208823910573",""
"BOSS — 2006104228381721052","https://x.com/thebeautyofsaas/status/2006104228381721052","BOSS","thebeautyofsaas","2025-12-30T20:44:54.000Z","2006104228381721052",""
"Rohun — 2006147267959644303","https://x.com/RohunJauhar/status/2006147267959644303","Rohun","RohunJauhar","2025-12-30T23:35:55.000Z","2006147267959644303",""
"Jainam Parmar — 2006319618970021990","https://x.com/aiwithjainam/status/2006319618970021990","Jainam Parmar","aiwithjainam","2025-12-31T11:00:47.000Z","2006319618970021990",""
"GREG ISENBERG — 2006382073418752250","https://x.com/gregisenberg/status/2006382073418752250","GREG ISENBERG","gregisenberg","2025-12-31T15:08:57.000Z","2006382073418752250",""
"Res — 2008277182238343636","https://x.com/resdegen/status/2008277182238343636","Res","resdegen","2026-01-05T20:39:26.000Z","2008277182238343636",""
"Digi — 2008518313995911533","https://x.com/digiii/status/2008518313995911533","Digi","digiii","2026-01-06T12:37:37.000Z","2008518313995911533",""
"Md Riyazuddin — 2008519416137609307","https://x.com/riyazmd774/status/2008519416137609307","Md Riyazuddin","riyazmd774","2026-01-06T12:41:59.000Z","2008519416137609307",""
"nader dabit — 2009139688959852701","https://x.com/dabit3/status/2009139688959852701","nader dabit","dabit3","2026-01-08T05:46:44.000Z","2009139688959852701",""
"naiive — 2009235888686125071","https://x.com/naiivememe/status/2009235888686125071","naiive","naiivememe","2026-01-08T12:09:00.000Z","2009235888686125071",""
"Damian Player — 2009258825619050899","https://x.com/damianplayer/status/2009258825619050899","Damian Player","damianplayer","2026-01-08T13:40:08.000Z","2009258825619050899",""
"Simone Canc — 2009305167963779379","https://x.com/simonecanciello/status/2009305167963779379","Simone Canc","simonecanciello","2026-01-08T16:44:17.000Z","2009305167963779379",""
"@levelsio — 2009314001155432552","https://x.com/levelsio/status/2009314001155432552","@levelsio","levelsio","2026-01-08T17:19:23.000Z","2009314001155432552",""
"DAN KOE — 2009320195848872014","https://x.com/thedankoe/status/2009320195848872014","DAN KOE","thedankoe","2026-01-08T17:44:00.000Z","2009320195848872014",""
"Hunter Hammonds — 2009328970375025109","https://x.com/hunterhammonds/status/2009328970375025109","Hunter Hammonds","hunterhammonds","2026-01-08T18:18:52.000Z","2009328970375025109",""
"Boris Cherny — 2009450715081789767","https://x.com/bcherny/status/2009450715081789767","Boris Cherny","bcherny","2026-01-09T02:22:38.000Z","2009450715081789767",""
"𝔇𝔧𝔦𝔟𝔦𝔫𝔥𝔬 — 2009577192913817606","https://x.com/DjibinhoPvris_/status/2009577192913817606","𝔇𝔧𝔦𝔟𝔦𝔫𝔥𝔬","DjibinhoPvris_","2026-01-09T10:45:13.000Z","2009577192913817606",""
"Abdul Șhakoor — 2009584417585639510","https://x.com/abxxai/status/2009584417585639510","Abdul Șhakoor","abxxai","2026-01-09T11:13:56.000Z","2009584417585639510",""
"Robert Youssef — 2009587531910938787","https://x.com/rryssf_/status/2009587531910938787","Robert Youssef","rryssf_","2026-01-09T11:26:18.000Z","2009587531910938787",""
"kanav — 2009588042038997024","https://x.com/kanavtwt/status/2009588042038997024","kanav","kanavtwt","2026-01-09T11:28:20.000Z","2009588042038997024",""
"sluj — 2009660157312254197","https://x.com/smashdirt/status/2009660157312254197","sluj","smashdirt","2026-01-09T16:14:53.000Z","2009660157312254197",""
"Rohit — 2009663737469542875","https://x.com/rohit4verse/status/2009663737469542875","Rohit","rohit4verse","2026-01-09T16:29:07.000Z","2009663737469542875",""
"Yewande O — 2009903222262256089","https://x.com/yewiedewie/status/2009903222262256089","Yewande O","yewiedewie","2026-01-10T08:20:45.000Z","2009903222262256089",""
"Benny Johnson — 2009989471736082675","https://x.com/bennyjohnson/status/2009989471736082675","Benny Johnson","bennyjohnson","2026-01-10T14:03:28.000Z","2009989471736082675",""
"Saurabh — 2009996201479835897","https://x.com/TheOvermanEthos/status/2009996201479835897","Saurabh","TheOvermanEthos","2026-01-10T14:30:13.000Z","2009996201479835897",""
"DAN KOE — 2010042119121957316","https://x.com/thedankoe/status/2010042119121957316","DAN KOE","thedankoe","2026-01-10T17:32:40.000Z","2010042119121957316",""
"Om Patel — 2010201583892496481","https://x.com/om_patel5/status/2010201583892496481","Om Patel","om_patel5","2026-01-11T04:06:19.000Z","2010201583892496481",""
"Hridoy Rehman — 2010284341461766590","https://x.com/hridoyreh/status/2010284341461766590","Hridoy Rehman","hridoyreh","2026-01-11T09:35:10.000Z","2010284341461766590",""
"nxthompson — 2010336399405265302","https://x.com/nxthompson/status/2010336399405265302","nxthompson","nxthompson","2026-01-11T13:02:02.000Z","2010336399405265302",""
"Anthony Pompliano — 2010354704723988613","https://x.com/APompliano/status/2010354704723988613","Anthony Pompliano","APompliano","2026-01-11T14:14:46.000Z","2010354704723988613",""
"tobi lutke — 2010372642843599064","https://x.com/tobi/status/2010372642843599064","tobi lutke","tobi","2026-01-11T15:26:03.000Z","2010372642843599064",""
"The Founders' Tribune — 2010413482399948800","https://x.com/foundertribune/status/2010413482399948800","The Founders' Tribune","foundertribune","2026-01-11T18:08:20.000Z","2010413482399948800",""
"Bp2f — 2010417693112025413","https://x.com/BourpiffCh/status/2010417693112025413","Bp2f","BourpiffCh","2026-01-11T18:25:04.000Z","2010417693112025413",""
"Tim Denning — 2010441640318558391","https://x.com/Tim_Denning/status/2010441640318558391","Tim Denning","Tim_Denning","2026-01-11T20:00:13.000Z","2010441640318558391",""
"autist — 2010541239733739931","https://x.com/litteralyme0/status/2010541239733739931","autist","litteralyme0","2026-01-12T02:36:00.000Z","2010541239733739931",""
"DAN KOE — 2010751592346030461","https://x.com/thedankoe/status/2010751592346030461","DAN KOE","thedankoe","2026-01-12T16:31:52.000Z","2010751592346030461",""
"Machina — 2010797185001275622","https://x.com/EXM7777/status/2010797185001275622","Machina","EXM7777","2026-01-12T19:33:02.000Z","2010797185001275622",""
"GREG ISENBERG — 2010814799496548699","https://x.com/gregisenberg/status/2010814799496548699","GREG ISENBERG","gregisenberg","2026-01-12T20:43:01.000Z","2010814799496548699",""
"Top 1% Men — 2010902442368528828","https://x.com/dtop1percentmen/status/2010902442368528828","Top 1% Men","dtop1percentmen","2026-01-13T02:31:17.000Z","2010902442368528828",""
"Mind Essentials — 2010939866058747915","https://x.com/Mind_Essentials/status/2010939866058747915","Mind Essentials","Mind_Essentials","2026-01-13T05:00:00.000Z","2010939866058747915",""
"Marc Lou — 2011024430567473547","https://x.com/marclou/status/2011024430567473547","Marc Lou","marclou","2026-01-13T10:36:01.000Z","2011024430567473547",""
"Art of Life — 2011067523827917107","https://x.com/Art0fLife_/status/2011067523827917107","Art of Life","Art0fLife_","2026-01-13T13:27:16.000Z","2011067523827917107",""
"Cody Schneider — 2011105976921813032","https://x.com/codyschneiderxx/status/2011105976921813032","Cody Schneider","codyschneiderxx","2026-01-13T16:00:04.000Z","2011105976921813032",""
"AI Edge — 2011108297152082250","https://x.com/aiedge_/status/2011108297152082250","AI Edge","aiedge_","2026-01-13T16:09:17.000Z","2011108297152082250",""
"Scott Adams — 2011116140626657458","https://x.com/ScottAdamsSays/status/2011116140626657458","Scott Adams","ScottAdamsSays","2026-01-13T16:40:27.000Z","2011116140626657458",""
"Reads with Ravi — 2011135902295474406","https://x.com/readswithravi/status/2011135902295474406","Reads with Ravi","readswithravi","2026-01-13T17:58:58.000Z","2011135902295474406",""
"Justine Moore — 2011285029541077033","https://x.com/venturetwins/status/2011285029541077033","Justine Moore","venturetwins","2026-01-14T03:51:33.000Z","2011285029541077033",""
"Dan — 2011366281744908469","https://x.com/d4m1n/status/2011366281744908469","Dan","d4m1n","2026-01-14T09:14:25.000Z","2011366281744908469",""
"@iruletheworldmo — 2011411177843085343","https://x.com/iruletheworldmo/status/2011411177843085343","@iruletheworldmo","iruletheworldmo","2026-01-14T12:12:49.000Z","2011411177843085343",""
"𝐓𝐔𝐂𝐎𝐖 — 2011432383560753578","https://x.com/Tapadibal_/status/2011432383560753578","𝐓𝐔𝐂𝐎𝐖","Tapadibal_","2026-01-14T13:37:05.000Z","2011432383560753578",""
"GREG ISENBERG — 2011461812890329313","https://x.com/gregisenberg/status/2011461812890329313","GREG ISENBERG","gregisenberg","2026-01-14T15:34:02.000Z","2011461812890329313",""
"DAN KOE — 2011479682462707821","https://x.com/thedankoe/status/2011479682462707821","DAN KOE","thedankoe","2026-01-14T16:45:02.000Z","2011479682462707821",""
"Andrew Yeung — 2011558540008476852","https://x.com/andruyeung/status/2011558540008476852","Andrew Yeung","andruyeung","2026-01-14T21:58:23.000Z","2011558540008476852",""
"Rizark — 2011568364905447803","https://x.com/Rizark213/status/2011568364905447803","Rizark","Rizark213","2026-01-14T22:37:25.000Z","2011568364905447803",""
"Dudes Posting Their W’s — 2011671185055191092","https://x.com/DudespostingWs/status/2011671185055191092","Dudes Posting Their W’s","DudespostingWs","2026-01-15T05:26:00.000Z","2011671185055191092",""
"gaut — 2011821762850296036","https://x.com/0xgaut/status/2011821762850296036","gaut","0xgaut","2026-01-15T15:24:20.000Z","2011821762850296036",""
"God of Prompt — 2011850737354228039","https://x.com/godofprompt/status/2011850737354228039","God of Prompt","godofprompt","2026-01-15T17:19:28.000Z","2011850737354228039",""
"Savannah — 2011875544783339868","https://x.com/SavannahFeder/status/2011875544783339868","Savannah","SavannahFeder","2026-01-15T18:58:03.000Z","2011875544783339868",""
"Aporia — 2012112111330091247","https://x.com/0xaporia/status/2012112111330091247","Aporia","0xaporia","2026-01-16T10:38:05.000Z","2012112111330091247",""
"naiive — 2012134236363358447","https://x.com/naiivememe/status/2012134236363358447","naiive","naiivememe","2026-01-16T12:06:00.000Z","2012134236363358447",""
"Coach AJ Mental Fitness — 2012156288277373294","https://x.com/coachajkings/status/2012156288277373294","Coach AJ Mental Fitness","coachajkings","2026-01-16T13:33:37.000Z","2012156288277373294",""
"GREG ISENBERG — 2012171244666253777","https://x.com/gregisenberg/status/2012171244666253777","GREG ISENBERG","gregisenberg","2026-01-16T14:33:03.000Z","2012171244666253777",""
"Sam Altman — 2012253252771824074","https://x.com/sama/status/2012253252771824074","Sam Altman","sama","2026-01-16T19:58:55.000Z","2012253252771824074",""
"Marc Randolph — 2012354672606974182","https://x.com/marcrandolph/status/2012354672606974182","Marc Randolph","marcrandolph","2026-01-17T02:41:56.000Z","2012354672606974182",""
"Aakash Gupta — 2012393275685278080","https://x.com/aakashgupta/status/2012393275685278080","Aakash Gupta","aakashgupta","2026-01-17T05:15:20.000Z","2012393275685278080",""
"James Shields — 2012494115217473751","https://x.com/scaling_shields/status/2012494115217473751","James Shields","scaling_shields","2026-01-17T11:56:02.000Z","2012494115217473751",""
"Enezator — 2012502412427509988","https://x.com/Enezator/status/2012502412427509988","Enezator","Enezator","2026-01-17T12:29:00.000Z","2012502412427509988",""
"Daniel Priestley — 2012505992580235343","https://x.com/DanielPriestley/status/2012505992580235343","Daniel Priestley","DanielPriestley","2026-01-17T12:43:13.000Z","2012505992580235343",""
"Justine Moore — 2012583915215880584","https://x.com/venturetwins/status/2012583915215880584","Justine Moore","venturetwins","2026-01-17T17:52:52.000Z","2012583915215880584",""
"Rohit — 2012925228159295810","https://x.com/rohit4verse/status/2012925228159295810","Rohit","rohit4verse","2026-01-18T16:29:07.000Z","2012925228159295810",""
"Markov — 2012930198354764058","https://x.com/MarkovMagnifico/status/2012930198354764058","Markov","MarkovMagnifico","2026-01-18T16:48:52.000Z","2012930198354764058",""
"@levelsio — 2012943783424393356","https://x.com/levelsio/status/2012943783424393356","@levelsio","levelsio","2026-01-18T17:42:51.000Z","2012943783424393356",""
"GREG ISENBERG — 2012960814701949281","https://x.com/gregisenberg/status/2012960814701949281","GREG ISENBERG","gregisenberg","2026-01-18T18:50:31.000Z","2012960814701949281",""
"Daniel Dalen — 2013087215614898471","https://x.com/danielvandalen/status/2013087215614898471","Daniel Dalen","danielvandalen","2026-01-19T03:12:48.000Z","2013087215614898471",""
"aditya — 2013095572534653352","https://x.com/adxtyahq/status/2013095572534653352","aditya","adxtyahq","2026-01-19T03:46:00.000Z","2013095572534653352",""
"Ryan Dahl — 2013280952370573666","https://x.com/rough__sea/status/2013280952370573666","Ryan Dahl","rough__sea","2026-01-19T16:02:38.000Z","2013280952370573666",""
"@levelsio — 2013292045939388928","https://x.com/levelsio/status/2013292045939388928","@levelsio","levelsio","2026-01-19T16:46:43.000Z","2013292045939388928",""
"aditya — 2013331375571562743","https://x.com/adxtyahq/status/2013331375571562743","aditya","adxtyahq","2026-01-19T19:23:00.000Z","2013331375571562743",""
"@levelsio — 2013346569618170147","https://x.com/levelsio/status/2013346569618170147","@levelsio","levelsio","2026-01-19T20:23:23.000Z","2013346569618170147",""
"@levelsio — 2013383363676045422","https://x.com/levelsio/status/2013383363676045422","@levelsio","levelsio","2026-01-19T22:49:35.000Z","2013383363676045422",""
"HackerRank — 2013499794736763174","https://x.com/hackerrank/status/2013499794736763174","HackerRank","hackerrank","2026-01-20T06:32:14.000Z","2013499794736763174",""
"Big Brain Business — 2013597462515315142","https://x.com/BigBrainBizness/status/2013597462515315142","Big Brain Business","BigBrainBizness","2026-01-20T13:00:20.000Z","2013597462515315142",""
"Arman Hezarkhani — 2013608521900683765","https://x.com/ArmanHezarkhani/status/2013608521900683765","Arman Hezarkhani","ArmanHezarkhani","2026-01-20T13:44:17.000Z","2013608521900683765",""
"Tyler Denk — 2013618810016690461","https://x.com/denk_tweets/status/2013618810016690461","Tyler Denk","denk_tweets","2026-01-20T14:25:10.000Z","2013618810016690461",""
"Remotion — 2013626968386765291","https://x.com/Remotion/status/2013626968386765291","Remotion","Remotion","2026-01-20T14:57:35.000Z","2013626968386765291",""
"Wes Roth — 2013693268190437410","https://x.com/WesRoth/status/2013693268190437410","Wes Roth","WesRoth","2026-01-20T19:21:02.000Z","2013693268190437410",""
"Ray — 2013722349825036520","https://x.com/rincidium/status/2013722349825036520","Ray","rincidium","2026-01-20T21:16:36.000Z","2013722349825036520",""
"ₕₐₘₚₜₒₙ — 2013811309960429835","https://x.com/hamptonism/status/2013811309960429835","ₕₐₘₚₜₒₙ","hamptonism","2026-01-21T03:10:05.000Z","2013811309960429835",""
"Mario Nawfal — 2013895592876089619","https://x.com/MarioNawfal/status/2013895592876089619","Mario Nawfal","MarioNawfal","2026-01-21T08:45:00.000Z","2013895592876089619",""
"Talley — 2014033357630263518","https://x.com/__Talley__/status/2014033357630263518","Talley","__Talley__","2026-01-21T17:52:26.000Z","2014033357630263518",""
"Chamath Palihapitiya — 2014044948660887981","https://x.com/chamath/status/2014044948660887981","Chamath Palihapitiya","chamath","2026-01-21T18:38:29.000Z","2014044948660887981",""
"Starter Story — 2014082790174892335","https://x.com/starter_story/status/2014082790174892335","Starter Story","starter_story","2026-01-21T21:08:51.000Z","2014082790174892335",""
"Ernesto Lopez — 2014110519913857122","https://x.com/ErnestoSOFTWARE/status/2014110519913857122","Ernesto Lopez","ErnestoSOFTWARE","2026-01-21T22:59:02.000Z","2014110519913857122",""
"Coach Dan Casey — 2014171632676249811","https://x.com/CoachDanCasey/status/2014171632676249811","Coach Dan Casey","CoachDanCasey","2026-01-22T03:01:53.000Z","2014171632676249811",""
"Shane Legg — 2014345509675155639","https://x.com/ShaneLegg/status/2014345509675155639","Shane Legg","ShaneLegg","2026-01-22T14:32:48.000Z","2014345509675155639",""
"Hamza Baig — 2014394462697595361","https://x.com/hamza_automates/status/2014394462697595361","Hamza Baig","hamza_automates","2026-01-22T17:47:20.000Z","2014394462697595361",""
"🀅 — 2014436675041034587","https://x.com/ecomchigga/status/2014436675041034587","🀅","ecomchigga","2026-01-22T20:35:04.000Z","2014436675041034587",""
"Reads with Ravi — 2014452984210509870","https://x.com/readswithravi/status/2014452984210509870","Reads with Ravi","readswithravi","2026-01-22T21:39:52.000Z","2014452984210509870",""
"Magnus Müller — 2014459283560358034","https://x.com/mamagnus00/status/2014459283560358034","Magnus Müller","mamagnus00","2026-01-22T22:04:54.000Z","2014459283560358034",""
"Aaron Ng — 2014568799824212004","https://x.com/localghost/status/2014568799824212004","Aaron Ng","localghost","2026-01-23T05:20:05.000Z","2014568799824212004",""
"Hugging Models — 2014788077924040729","https://x.com/HuggingModels/status/2014788077924040729","Hugging Models","HuggingModels","2026-01-23T19:51:25.000Z","2014788077924040729",""
"Tech Friend AJ — 2014934471095812547","https://x.com/techfrenAJ/status/2014934471095812547","Tech Friend AJ","techfrenAJ","2026-01-24T05:33:08.000Z","2014934471095812547",""
"Damian Player — 2015105669620269373","https://x.com/damianplayer/status/2015105669620269373","Damian Player","damianplayer","2026-01-24T16:53:25.000Z","2015105669620269373",""
"Dan Peguine ⌐◨-◨ — 2015142139143897160","https://x.com/danpeguine/status/2015142139143897160","Dan Peguine ⌐◨-◨","danpeguine","2026-01-24T19:18:20.000Z","2015142139143897160",""
"Alex Finn — 2015182480064893118","https://x.com/AlexFinn/status/2015182480064893118","Alex Finn","AlexFinn","2026-01-24T21:58:38.000Z","2015182480064893118",""
"Brave — 2015201576130957365","https://x.com/brave/status/2015201576130957365","Brave","brave","2026-01-24T23:14:31.000Z","2015201576130957365",""
"Stuart Blitz — 2015252565999407199","https://x.com/StuartBlitz/status/2015252565999407199","Stuart Blitz","StuartBlitz","2026-01-25T02:37:07.000Z","2015252565999407199",""
"Peter Steinberger — 2015266538371125727","https://x.com/steipete/status/2015266538371125727","Peter Steinberger","steipete","2026-01-25T03:32:39.000Z","2015266538371125727",""
"Shruti — 2015327280911073789","https://x.com/heyshrutimishra/status/2015327280911073789","Shruti","heyshrutimishra","2026-01-25T07:34:01.000Z","2015327280911073789",""
"Robert Scoble — 2015346738517942628","https://x.com/Scobleizer/status/2015346738517942628","Robert Scoble","Scobleizer","2026-01-25T08:51:20.000Z","2015346738517942628",""
"David Mattin — 2015405818586279993","https://x.com/DMattin/status/2015405818586279993","David Mattin","DMattin","2026-01-25T12:46:06.000Z","2015405818586279993",""
"Burak Eregar — 2015410141751922872","https://x.com/burakeregar/status/2015410141751922872","Burak Eregar","burakeregar","2026-01-25T13:03:16.000Z","2015410141751922872",""
"Corey Ganim — 2015415731622486254","https://x.com/coreyganim/status/2015415731622486254","Corey Ganim","coreyganim","2026-01-25T13:25:29.000Z","2015415731622486254",""
"Ivaavi.eth — 2015416518960624047","https://x.com/ivaavimusic/status/2015416518960624047","Ivaavi.eth","ivaavimusic","2026-01-25T13:28:37.000Z","2015416518960624047",""
"Min Choi — 2015457223372087467","https://x.com/minchoi/status/2015457223372087467","Min Choi","minchoi","2026-01-25T16:10:22.000Z","2015457223372087467",""
"GREG ISENBERG — 2015462950367101430","https://x.com/gregisenberg/status/2015462950367101430","GREG ISENBERG","gregisenberg","2026-01-25T16:33:07.000Z","2015462950367101430",""
"nader dabit — 2015463591084703815","https://x.com/dabit3/status/2015463591084703815","nader dabit","dabit3","2026-01-25T16:35:40.000Z","2015463591084703815",""
"GREG ISENBERG — 2015467654463496423","https://x.com/gregisenberg/status/2015467654463496423","GREG ISENBERG","gregisenberg","2026-01-25T16:51:49.000Z","2015467654463496423",""
"Ethan Woo — 2015476571914572264","https://x.com/EthanWoo/status/2015476571914572264","Ethan Woo","EthanWoo","2026-01-25T17:27:15.000Z","2015476571914572264",""
"God of Prompt — 2015490539953721640","https://x.com/godofprompt/status/2015490539953721640","God of Prompt","godofprompt","2026-01-25T18:22:45.000Z","2015490539953721640",""
"Morgan — 2015511509464658409","https://x.com/morganlinton/status/2015511509464658409","Morgan","morganlinton","2026-01-25T19:46:04.000Z","2015511509464658409",""
"Elorm Daniel — 2015511743309689250","https://x.com/elormkdaniel/status/2015511743309689250","Elorm Daniel","elormkdaniel","2026-01-25T19:47:00.000Z","2015511743309689250",""
"Allie Howe — 2015515922279387330","https://x.com/vtahowe/status/2015515922279387330","Allie Howe","vtahowe","2026-01-25T20:03:37.000Z","2015515922279387330",""
"0xSammy — 2015562918151020593","https://x.com/0xSammy/status/2015562918151020593","0xSammy","0xSammy","2026-01-25T23:10:21.000Z","2015562918151020593",""
"Zara Zhang — 2015584063051231436","https://x.com/zarazhangrui/status/2015584063051231436","Zara Zhang","zarazhangrui","2026-01-26T00:34:23.000Z","2015584063051231436",""
"Robert Youssef — 2015587158468300948","https://x.com/rryssf_/status/2015587158468300948","Robert Youssef","rryssf_","2026-01-26T00:46:41.000Z","2015587158468300948",""
"RTSG News — 2015593782033453402","https://x.com/RTSG_News/status/2015593782033453402","RTSG News","RTSG_News","2026-01-26T01:13:00.000Z","2015593782033453402",""
"Olivia Moore — 2015618038088024164","https://x.com/omooretweets/status/2015618038088024164","Olivia Moore","omooretweets","2026-01-26T02:49:23.000Z","2015618038088024164",""
"Alex Scott — 2015654968733397193","https://x.com/afscott/status/2015654968733397193","Alex Scott","afscott","2026-01-26T05:16:08.000Z","2015654968733397193",""
"Naval — 2015658260007920095","https://x.com/naval/status/2015658260007920095","Naval","naval","2026-01-26T05:29:12.000Z","2015658260007920095",""
"Tuki — 2015688502935978395","https://x.com/TukiFromKL/status/2015688502935978395","Tuki","TukiFromKL","2026-01-26T07:29:23.000Z","2015688502935978395",""
"Rob | Bitsaga.be — 2015757134760202469","https://x.com/BitsagaRob/status/2015757134760202469","Rob | Bitsaga.be","BitsagaRob","2026-01-26T12:02:06.000Z","2015757134760202469",""
"Manthan Gupta — 2015780646770323543","https://x.com/manthanguptaa/status/2015780646770323543","Manthan Gupta","manthanguptaa","2026-01-26T13:35:32.000Z","2015780646770323543",""
"Peter Steinberger — 2015816059832390137","https://x.com/steipete/status/2015816059832390137","Peter Steinberger","steipete","2026-01-26T15:56:15.000Z","2015816059832390137",""
"Itamar Golan — 2015828732217274656","https://x.com/ItakGol/status/2015828732217274656","Itamar Golan","ItakGol","2026-01-26T16:46:36.000Z","2015828732217274656",""
"Dario Amodei — 2015833046327402527","https://x.com/DarioAmodei/status/2015833046327402527","Dario Amodei","DarioAmodei","2026-01-26T17:03:45.000Z","2015833046327402527",""
"Idea Browser — 2015845585866391622","https://x.com/ideabrowser/status/2015845585866391622","Idea Browser","ideabrowser","2026-01-26T17:53:34.000Z","2015845585866391622",""
"Mr. Buzzoni — 2015850159310078324","https://x.com/polydao/status/2015850159310078324","Mr. Buzzoni","polydao","2026-01-26T18:11:45.000Z","2015850159310078324",""
"Claude — 2015851783655194640","https://x.com/claudeai/status/2015851783655194640","Claude","claudeai","2026-01-26T18:18:12.000Z","2015851783655194640",""
"Ash Arora — 2015862562446049685","https://x.com/asharoraa/status/2015862562446049685","Ash Arora","asharoraa","2026-01-26T19:01:02.000Z","2015862562446049685",""
"anita — 2015870473750642696","https://x.com/anitakirkovska/status/2015870473750642696","anita","anitakirkovska","2026-01-26T19:32:28.000Z","2015870473750642696",""
"Idea Browser — 2015871941958070545","https://x.com/ideabrowser/status/2015871941958070545","Idea Browser","ideabrowser","2026-01-26T19:38:18.000Z","2015871941958070545",""
"BowTiedMystic — 2015916220545921165","https://x.com/BowTied_Mystic/status/2015916220545921165","BowTiedMystic","BowTied_Mystic","2026-01-26T22:34:15.000Z","2015916220545921165",""
"Samy Kacimi — 2015925432718155860","https://x.com/fakenine_/status/2015925432718155860","Samy Kacimi","fakenine_","2026-01-26T23:10:51.000Z","2015925432718155860",""
"Peter Steinberger — 2015954706883846540","https://x.com/steipete/status/2015954706883846540","Peter Steinberger","steipete","2026-01-27T01:07:11.000Z","2015954706883846540",""
"pixel — 2015967798636556777","https://x.com/spacepixel/status/2015967798636556777","pixel","spacepixel","2026-01-27T01:59:12.000Z","2015967798636556777",""
"Alex Finn — 2015976067320922155","https://x.com/AlexFinn/status/2015976067320922155","Alex Finn","AlexFinn","2026-01-27T02:32:04.000Z","2015976067320922155",""
"Min Choi — 2016006476070817968","https://x.com/minchoi/status/2016006476070817968","Min Choi","minchoi","2026-01-27T04:32:54.000Z","2016006476070817968",""
"Miles Deutscher — 2016016997507862648","https://x.com/milesdeutscher/status/2016016997507862648","Miles Deutscher","milesdeutscher","2026-01-27T05:14:42.000Z","2016016997507862648",""
"Mischa van den Burg — 2016040188405842141","https://x.com/mischavdburg/status/2016040188405842141","Mischa van den Burg","mischavdburg","2026-01-27T06:46:51.000Z","2016040188405842141",""
"Param — 2016042529230356987","https://x.com/Param_eth/status/2016042529230356987","Param","Param_eth","2026-01-27T06:56:09.000Z","2016042529230356987",""
"Peter Steinberger — 2016112986415309290","https://x.com/steipete/status/2016112986415309290","Peter Steinberger","steipete","2026-01-27T11:36:08.000Z","2016112986415309290",""
"may.crypto {} — 2016167214487839133","https://x.com/xmayeth/status/2016167214487839133","may.crypto {}","xmayeth","2026-01-27T15:11:37.000Z","2016167214487839133",""
"DAN KOE — 2016200242690195509","https://x.com/thedankoe/status/2016200242690195509","DAN KOE","thedankoe","2026-01-27T17:22:51.000Z","2016200242690195509",""
"Alex Finn — 2016212448148389980","https://x.com/AlexFinn/status/2016212448148389980","Alex Finn","AlexFinn","2026-01-27T18:11:21.000Z","2016212448148389980",""
"Hugo Mercier — 2016222038248083857","https://x.com/hugomercierooo/status/2016222038248083857","Hugo Mercier","hugomercierooo","2026-01-27T18:49:28.000Z","2016222038248083857",""
"Fortune MMXM — 2016330668846813327","https://x.com/FortuneMMXM/status/2016330668846813327","Fortune MMXM","FortuneMMXM","2026-01-28T02:01:07.000Z","2016330668846813327",""
"Naval — 2016343169651409407","https://x.com/naval/status/2016343169651409407","Naval","naval","2026-01-28T02:50:48.000Z","2016343169651409407",""
"God of Prompt — 2016480088095879567","https://x.com/godofprompt/status/2016480088095879567","God of Prompt","godofprompt","2026-01-28T11:54:52.000Z","2016480088095879567",""
"Peter Yang — 2016519165822312619","https://x.com/petergyang/status/2016519165822312619","Peter Yang","petergyang","2026-01-28T14:30:08.000Z","2016519165822312619",""
"Ryan Carson — 2016520542723924279","https://x.com/ryancarson/status/2016520542723924279","Ryan Carson","ryancarson","2026-01-28T14:35:37.000Z","2016520542723924279",""
"Nikunj Kothari — 2016532998544560376","https://x.com/nikunj/status/2016532998544560376","Nikunj Kothari","nikunj","2026-01-28T15:25:06.000Z","2016532998544560376",""
"Alex Finn — 2016550475718664522","https://x.com/AlexFinn/status/2016550475718664522","Alex Finn","AlexFinn","2026-01-28T16:34:33.000Z","2016550475718664522",""
"Nicholas Fabiano, MD — 2016594013810250135","https://x.com/NTFabiano/status/2016594013810250135","Nicholas Fabiano, MD","NTFabiano","2026-01-28T19:27:34.000Z","2016594013810250135",""
"George Pickett — 2016628217260757105","https://x.com/georgepickett/status/2016628217260757105","George Pickett","georgepickett","2026-01-28T21:43:28.000Z","2016628217260757105",""
"yanni — 2016642550044713279","https://x.com/YanniTrades/status/2016642550044713279","yanni","YanniTrades","2026-01-28T22:40:25.000Z","2016642550044713279",""
"ℏεsam — 2016712942545240203","https://x.com/Hesamation/status/2016712942545240203","ℏεsam","Hesamation","2026-01-29T03:20:08.000Z","2016712942545240203",""
"Matt Schlicht — 2016737034908664175","https://x.com/MattPRD/status/2016737034908664175","Matt Schlicht","MattPRD","2026-01-29T04:55:52.000Z","2016737034908664175",""
"Robert Scoble — 2016766016349753662","https://x.com/Scobleizer/status/2016766016349753662","Robert Scoble","Scobleizer","2026-01-29T06:51:02.000Z","2016766016349753662",""
"Kimi Product — 2016791330022973892","https://x.com/KimiProduct/status/2016791330022973892","Kimi Product","KimiProduct","2026-01-29T08:31:37.000Z","2016791330022973892",""
"Peter Steinberger — 2016863619829383324","https://x.com/steipete/status/2016863619829383324","Peter Steinberger","steipete","2026-01-29T13:18:53.000Z","2016863619829383324",""
"@jason — 2016865256723657107","https://x.com/Jason/status/2016865256723657107","@jason","Jason","2026-01-29T13:25:23.000Z","2016865256723657107",""
"Legendary — 2016873766362464472","https://x.com/Legendaryy/status/2016873766362464472","Legendary","Legendaryy","2026-01-29T13:59:12.000Z","2016873766362464472",""
"Kekius Maximus — 2016877106345758787","https://x.com/Kekius_Sage/status/2016877106345758787","Kekius Maximus","Kekius_Sage","2026-01-29T14:12:28.000Z","2016877106345758787",""
"Guri Singh — 2016883251244363828","https://x.com/heygurisingh/status/2016883251244363828","Guri Singh","heygurisingh","2026-01-29T14:36:53.000Z","2016883251244363828",""
"ℏεsam — 2016908213644365947","https://x.com/Hesamation/status/2016908213644365947","ℏεsam","Hesamation","2026-01-29T16:16:05.000Z","2016908213644365947",""
"Trenton Hughes — 2016943282664984995","https://x.com/trentjhughes/status/2016943282664984995","Trenton Hughes","trentjhughes","2026-01-29T18:35:26.000Z","2016943282664984995",""
"ℏεsam — 2017038553058857413","https://x.com/Hesamation/status/2017038553058857413","ℏεsam","Hesamation","2026-01-30T00:54:00.000Z","2017038553058857413",""
"Alex Prompter — 2017044857764688132","https://x.com/alex_prompter/status/2017044857764688132","Alex Prompter","alex_prompter","2026-01-30T01:19:03.000Z","2017044857764688132",""
"Ricardo — 2017222759785390232","https://x.com/Ric_RTP/status/2017222759785390232","Ricardo","Ric_RTP","2026-01-30T13:05:58.000Z","2017222759785390232",""
"Ben Tossell — 2017251981685879152","https://x.com/bentossell/status/2017251981685879152","Ben Tossell","bentossell","2026-01-30T15:02:05.000Z","2017251981685879152",""
"Damian Player — 2017260983446536379","https://x.com/damianplayer/status/2017260983446536379","Damian Player","damianplayer","2026-01-30T15:37:52.000Z","2017260983446536379",""
"AI Edge — 2017269741564604659","https://x.com/aiedge_/status/2017269741564604659","AI Edge","aiedge_","2026-01-30T16:12:40.000Z","2017269741564604659",""
"gaut — 2017299901781041257","https://x.com/0xgaut/status/2017299901781041257","gaut","0xgaut","2026-01-30T18:12:30.000Z","2017299901781041257",""
"Alex Finn — 2017305997212323887","https://x.com/AlexFinn/status/2017305997212323887","Alex Finn","AlexFinn","2026-01-30T18:36:44.000Z","2017305997212323887",""
"am.will — 2017315164689686938","https://x.com/LLMJunky/status/2017315164689686938","am.will","LLMJunky","2026-01-30T19:13:09.000Z","2017315164689686938",""
"cocktail peanut — 2017328971327607263","https://x.com/cocktailpeanut/status/2017328971327607263","cocktail peanut","cocktailpeanut","2026-01-30T20:08:01.000Z","2017328971327607263",""
"Ira Bodnar — 2017338273916719355","https://x.com/irabukht/status/2017338273916719355","Ira Bodnar","irabukht","2026-01-30T20:44:59.000Z","2017338273916719355",""
"HustleBitch — 2017421532109197653","https://x.com/HustleBitch_/status/2017421532109197653","HustleBitch","HustleBitch_","2026-01-31T02:15:49.000Z","2017421532109197653",""
"Goutham Jay — 2017451400087916724","https://x.com/gouthamjay8/status/2017451400087916724","Goutham Jay","gouthamjay8","2026-01-31T04:14:30.000Z","2017451400087916724",""
"Bhanu Teja P — 2017495026230775832","https://x.com/pbteja1998/status/2017495026230775832","Bhanu Teja P","pbteja1998","2026-01-31T07:07:52.000Z","2017495026230775832",""
"Jaynit — 2017570618561151166","https://x.com/jaynitx/status/2017570618561151166","Jaynit","jaynitx","2026-01-31T12:08:14.000Z","2017570618561151166",""
"OpenClaw — 2017628464933753067","https://x.com/openclaw/status/2017628464933753067","OpenClaw","openclaw","2026-01-31T15:58:06.000Z","2017628464933753067",""
"Bill D'Alessandro — 2017650241101598872","https://x.com/BillDA/status/2017650241101598872","Bill D'Alessandro","BillDA","2026-01-31T17:24:38.000Z","2017650241101598872",""
"Benjamin De Kraker — 2017660150463582282","https://x.com/BenjaminDEKR/status/2017660150463582282","Benjamin De Kraker","BenjaminDEKR","2026-01-31T18:04:00.000Z","2017660150463582282",""
"Sahil Bloom — 2017668605140152557","https://x.com/SahilBloom/status/2017668605140152557","Sahil Bloom","SahilBloom","2026-01-31T18:37:36.000Z","2017668605140152557",""
"Boris Cherny — 2017742741636321619","https://x.com/bcherny/status/2017742741636321619","Boris Cherny","bcherny","2026-01-31T23:32:12.000Z","2017742741636321619",""
"shirish — 2017827752125288960","https://x.com/shiri_shh/status/2017827752125288960","shirish","shiri_shh","2026-02-01T05:10:00.000Z","2017827752125288960",""
"Caesar | Make Money Online — 2017887939561214249","https://x.com/CaesarMakeMoney/status/2017887939561214249","Caesar | Make Money Online","CaesarMakeMoney","2026-02-01T09:09:09.000Z","2017887939561214249",""
"pixel — 2017892748737818756","https://x.com/spacepixel/status/2017892748737818756","pixel","spacepixel","2026-02-01T09:28:16.000Z","2017892748737818756",""
"Aryan Siddiqui — 2017900020226511051","https://x.com/Ar_boian/status/2017900020226511051","Aryan Siddiqui","Ar_boian","2026-02-01T09:57:10.000Z","2017900020226511051",""
"Kalash — 2017919607508812044","https://x.com/kalashvasaniya/status/2017919607508812044","Kalash","kalashvasaniya","2026-02-01T11:15:00.000Z","2017919607508812044",""
"Lior Alexander — 2017931100555718834","https://x.com/LiorOnAI/status/2017931100555718834","Lior Alexander","LiorOnAI","2026-02-01T12:00:40.000Z","2017931100555718834",""
"Art of Life — 2017952924085768533","https://x.com/Art0fLife_/status/2017952924085768533","Art of Life","Art0fLife_","2026-02-01T13:27:23.000Z","2017952924085768533",""
"Afiz — 2017956785567531434","https://x.com/itsafiz/status/2017956785567531434","Afiz","itsafiz","2026-02-01T13:42:44.000Z","2017956785567531434",""
"The Boring Marketer — 2017958442049138697","https://x.com/boringmarketer/status/2017958442049138697","The Boring Marketer","boringmarketer","2026-02-01T13:49:19.000Z","2017958442049138697",""
"Robert Youssef — 2017979448167919796","https://x.com/rryssf_/status/2017979448167919796","Robert Youssef","rryssf_","2026-02-01T15:12:47.000Z","2017979448167919796",""
"Allie — 2017989568792867065","https://x.com/allie__voss/status/2017989568792867065","Allie","allie__voss","2026-02-01T15:53:00.000Z","2017989568792867065",""
"Peter Steinberger — 2018032296343781706","https://x.com/steipete/status/2018032296343781706","Peter Steinberger","steipete","2026-02-01T18:42:47.000Z","2018032296343781706",""
"dharmesh — 2018224922582032649","https://x.com/dharmesh/status/2018224922582032649","dharmesh","dharmesh","2026-02-02T07:28:13.000Z","2018224922582032649",""
"Julian Goldie SEO — 2018248904702300520","https://x.com/JulianGoldieSEO/status/2018248904702300520","Julian Goldie SEO","JulianGoldieSEO","2026-02-02T09:03:30.000Z","2018248904702300520",""
"Rohan Paul — 2018277125443477861","https://x.com/rohanpaul_ai/status/2018277125443477861","Rohan Paul","rohanpaul_ai","2026-02-02T10:55:39.000Z","2018277125443477861",""
"Basit A. Khan — 2018287757076869566","https://x.com/basit_designs/status/2018287757076869566","Basit A. Khan","basit_designs","2026-02-02T11:37:53.000Z","2018287757076869566",""
"OpenClaw — 2018293323199635545","https://x.com/openclaw/status/2018293323199635545","OpenClaw","openclaw","2026-02-02T12:00:00.000Z","2018293323199635545",""
"Wes McKinney — 2018303622145065455","https://x.com/wesmckinn/status/2018303622145065455","Wes McKinney","wesmckinn","2026-02-02T12:40:56.000Z","2018303622145065455",""
"Christopher ODonnell — 2018327176508997948","https://x.com/markitecht/status/2018327176508997948","Christopher ODonnell","markitecht","2026-02-02T14:14:32.000Z","2018327176508997948",""
"Alton Syn — 2018337612008657223","https://x.com/WorkflowWhisper/status/2018337612008657223","Alton Syn","WorkflowWhisper","2026-02-02T14:56:00.000Z","2018337612008657223",""
"Tom — 2018348937208627380","https://x.com/tomcrawshaw01/status/2018348937208627380","Tom","tomcrawshaw01","2026-02-02T15:41:00.000Z","2018348937208627380",""
"AA — 2018369164428140602","https://x.com/measure_plan/status/2018369164428140602","AA","measure_plan","2026-02-02T17:01:22.000Z","2018369164428140602",""
"Jason Shuman — 2018373141781741756","https://x.com/JasonrShuman/status/2018373141781741756","Jason Shuman","JasonrShuman","2026-02-02T17:17:11.000Z","2018373141781741756",""
"Matt Van Horn — 2018415463026589822","https://x.com/mvanhorn/status/2018415463026589822","Matt Van Horn","mvanhorn","2026-02-02T20:05:21.000Z","2018415463026589822",""
"Alex — 2018436050935292276","https://x.com/AlexanderTw33ts/status/2018436050935292276","Alex","AlexanderTw33ts","2026-02-02T21:27:09.000Z","2018436050935292276",""
"Savio — 2018437642820731148","https://x.com/saviomartin7/status/2018437642820731148","Savio","saviomartin7","2026-02-02T21:33:29.000Z","2018437642820731148",""
"Racem Flazi — 2018447996078473371","https://x.com/Racem/status/2018447996078473371","Racem Flazi","Racem","2026-02-02T22:14:37.000Z","2018447996078473371",""
"nick vasilescu — 2018450077019513159","https://x.com/nickvasiles/status/2018450077019513159","nick vasilescu","nickvasiles","2026-02-02T22:22:54.000Z","2018450077019513159",""
"Nick St. Pierre — 2018550088109269381","https://x.com/nickfloats/status/2018550088109269381","Nick St. Pierre","nickfloats","2026-02-03T05:00:18.000Z","2018550088109269381",""
"Julian Goldie SEO — 2018589601594851705","https://x.com/JulianGoldieSEO/status/2018589601594851705","Julian Goldie SEO","JulianGoldieSEO","2026-02-03T07:37:19.000Z","2018589601594851705",""
"Ben Lang — 2018700180082581964","https://x.com/benln/status/2018700180082581964","Ben Lang","benln","2026-02-03T14:56:43.000Z","2018700180082581964",""
"Josh Pigford — 2018710065239269785","https://x.com/Shpigford/status/2018710065239269785","Josh Pigford","Shpigford","2026-02-03T15:36:00.000Z","2018710065239269785",""
"KJ Dhaliwal — 2018731342113247533","https://x.com/kjdhaliwal/status/2018731342113247533","KJ Dhaliwal","kjdhaliwal","2026-02-03T17:00:32.000Z","2018731342113247533",""
"Hasan Toor — 2018731470282764319","https://x.com/hasantoxr/status/2018731470282764319","Hasan Toor","hasantoxr","2026-02-03T17:01:03.000Z","2018731470282764319",""
"Drew Fallon — 2018733421200134225","https://x.com/drewfallon12/status/2018733421200134225","Drew Fallon","drewfallon12","2026-02-03T17:08:48.000Z","2018733421200134225",""
"Founder Mode — 2018764756283179506","https://x.com/Founder_Mode_/status/2018764756283179506","Founder Mode","Founder_Mode_","2026-02-03T19:13:19.000Z","2018764756283179506",""
"Andrey — 2018767494178349484","https://x.com/Andrey__HQ/status/2018767494178349484","Andrey","Andrey__HQ","2026-02-03T19:24:12.000Z","2018767494178349484",""
"Machina — 2018768205423255829","https://x.com/EXM7777/status/2018768205423255829","Machina","EXM7777","2026-02-03T19:27:01.000Z","2018768205423255829",""
"Miles Deutscher — 2018768974872449100","https://x.com/milesdeutscher/status/2018768974872449100","Miles Deutscher","milesdeutscher","2026-02-03T19:30:05.000Z","2018768974872449100",""
"Andreas Steno Larsen — 2018775502639796313","https://x.com/AndreasSteno/status/2018775502639796313","Andreas Steno Larsen","AndreasSteno","2026-02-03T19:56:01.000Z","2018775502639796313",""
"NuScienta — 2018795893718184285","https://x.com/NuScienta/status/2018795893718184285","NuScienta","NuScienta","2026-02-03T21:17:03.000Z","2018795893718184285",""
"Andy Berman — 2018800817248055531","https://x.com/berman66/status/2018800817248055531","Andy Berman","berman66","2026-02-03T21:36:36.000Z","2018800817248055531",""
"Allan Guo — 2018889315812880797","https://x.com/_allanguo/status/2018889315812880797","Allan Guo","_allanguo","2026-02-04T03:28:16.000Z","2018889315812880797",""
"Aakash Gupta — 2018936091232067921","https://x.com/aakashgupta/status/2018936091232067921","Aakash Gupta","aakashgupta","2026-02-04T06:34:08.000Z","2018936091232067921",""
"Brew Markets — 2019425107333320893","https://x.com/brewmarkets/status/2019425107333320893","Brew Markets","brewmarkets","2026-02-05T14:57:19.000Z","2019425107333320893",""
"Nav Toor — 2019471217674317914","https://x.com/heynavtoor/status/2019471217674317914","Nav Toor","heynavtoor","2026-02-05T18:00:32.000Z","2019471217674317914",""
"atlas — 2019495239728451629","https://x.com/bestplayeratlas/status/2019495239728451629","atlas","bestplayeratlas","2026-02-05T19:36:00.000Z","2019495239728451629",""
"TBPN — 2019547333298647093","https://x.com/tbpn/status/2019547333298647093","TBPN","tbpn","2026-02-05T23:03:00.000Z","2019547333298647093",""
"Alex Prompter — 2019700467811664314","https://x.com/alex_prompter/status/2019700467811664314","Alex Prompter","alex_prompter","2026-02-06T09:11:30.000Z","2019700467811664314",""
"kanav — 2019742191233438206","https://x.com/kanavtwt/status/2019742191233438206","kanav","kanavtwt","2026-02-06T11:57:18.000Z","2019742191233438206",""
"Tom — 2019778646043758957","https://x.com/tomcrawshaw01/status/2019778646043758957","Tom","tomcrawshaw01","2026-02-06T14:22:09.000Z","2019778646043758957",""
"Vox — 2019914775061270747","https://x.com/Voxyz_ai/status/2019914775061270747","Vox","Voxyz_ai","2026-02-06T23:23:05.000Z","2019914775061270747",""
"Kyriakos Eleftheriou — 2019980867683422318","https://x.com/kyriakosel/status/2019980867683422318","Kyriakos Eleftheriou","kyriakosel","2026-02-07T03:45:42.000Z","2019980867683422318",""
"Thomas Roccia — 2020025525784514671","https://x.com/fr0gger_/status/2020025525784514671","Thomas Roccia","fr0gger_","2026-02-07T06:43:10.000Z","2020025525784514671",""
"Marshall Richards — 2020034922304426237","https://x.com/marshallrichrds/status/2020034922304426237","Marshall Richards","marshallrichrds","2026-02-07T07:20:30.000Z","2020034922304426237",""
"klöss — 2020058254328684938","https://x.com/kloss_xyz/status/2020058254328684938","klöss","kloss_xyz","2026-02-07T08:53:13.000Z","2020058254328684938",""
"Dr. Alex Wissner-Gross — 2020139129460134216","https://x.com/alexwg/status/2020139129460134216","Dr. Alex Wissner-Gross","alexwg","2026-02-07T14:14:35.000Z","2020139129460134216",""
"Mayank Vora — 2020155554547847601","https://x.com/aiwithmayank/status/2020155554547847601","Mayank Vora","aiwithmayank","2026-02-07T15:19:51.000Z","2020155554547847601",""
"Nozz — 2020158945516462472","https://x.com/NoahEpstein_/status/2020158945516462472","Nozz","NoahEpstein_","2026-02-07T15:33:20.000Z","2020158945516462472",""
"Alex Finn — 2020178105579737440","https://x.com/AlexFinn/status/2020178105579737440","Alex Finn","AlexFinn","2026-02-07T16:49:28.000Z","2020178105579737440",""
"Miles Deutscher — 2020227573129809931","https://x.com/milesdeutscher/status/2020227573129809931","Miles Deutscher","milesdeutscher","2026-02-07T20:06:02.000Z","2020227573129809931",""
"Moon Dev — 2020276169669738630","https://x.com/MoonDevOnYT/status/2020276169669738630","Moon Dev","MoonDevOnYT","2026-02-07T23:19:08.000Z","2020276169669738630",""
"@jason — 2020299573445681282","https://x.com/Jason/status/2020299573445681282","@jason","Jason","2026-02-08T00:52:08.000Z","2020299573445681282",""
"am.will — 2020344249254891685","https://x.com/LLMJunky/status/2020344249254891685","am.will","LLMJunky","2026-02-08T03:49:39.000Z","2020344249254891685",""
"Paweł Huryn — 2020487917152383142","https://x.com/PawelHuryn/status/2020487917152383142","Paweł Huryn","PawelHuryn","2026-02-08T13:20:32.000Z","2020487917152383142",""
"hoeem — 2020522623134822537","https://x.com/hooeem/status/2020522623134822537","hoeem","hooeem","2026-02-08T15:38:27.000Z","2020522623134822537",""
"Oliver Prompts — 2020528481717625130","https://x.com/oliviscusAI/status/2020528481717625130","Oliver Prompts","oliviscusAI","2026-02-08T16:01:44.000Z","2020528481717625130",""
"Alex Finn — 2020567487180579086","https://x.com/AlexFinn/status/2020567487180579086","Alex Finn","AlexFinn","2026-02-08T18:36:43.000Z","2020567487180579086",""
"Gergely Orosz — 2020571450369826896","https://x.com/GergelyOrosz/status/2020571450369826896","Gergely Orosz","GergelyOrosz","2026-02-08T18:52:28.000Z","2020571450369826896",""
"Shayan — 2020584459482153376","https://x.com/ImSh4yy/status/2020584459482153376","Shayan","ImSh4yy","2026-02-08T19:44:10.000Z","2020584459482153376",""
"The Figen — 2020599282856796598","https://x.com/TheFigen_/status/2020599282856796598","The Figen","TheFigen_","2026-02-08T20:43:04.000Z","2020599282856796598",""
"shirish — 2020709241703580101","https://x.com/shiri_shh/status/2020709241703580101","shirish","shiri_shh","2026-02-09T04:00:00.000Z","2020709241703580101",""
"padphone — 2020728930278531232","https://x.com/lepadphone/status/2020728930278531232","padphone","lepadphone","2026-02-09T05:18:14.000Z","2020728930278531232",""
"Brady Long — 2020793287557386417","https://x.com/thisguyknowsai/status/2020793287557386417","Brady Long","thisguyknowsai","2026-02-09T09:33:58.000Z","2020793287557386417",""
"Alex Prompter — 2020811478979563815","https://x.com/alex_prompter/status/2020811478979563815","Alex Prompter","alex_prompter","2026-02-09T10:46:16.000Z","2020811478979563815",""
"Andrew Jefferson — 2020826097890242582","https://x.com/EastlondonDev/status/2020826097890242582","Andrew Jefferson","EastlondonDev","2026-02-09T11:44:21.000Z","2020826097890242582",""
"Simon Høiberg — 2020843874382487959","https://x.com/SimonHoiberg/status/2020843874382487959","Simon Høiberg","SimonHoiberg","2026-02-09T12:54:59.000Z","2020843874382487959",""
"Chetaslua — 2020863877068603661","https://x.com/chetaslua/status/2020863877068603661","Chetaslua","chetaslua","2026-02-09T14:14:28.000Z","2020863877068603661",""
"Science girl — 2020935112549072971","https://x.com/sciencegirl/status/2020935112549072971","Science girl","sciencegirl","2026-02-09T18:57:32.000Z","2020935112549072971",""
"Luke Alexander — 2020942361321406762","https://x.com/Lukealexxander/status/2020942361321406762","Luke Alexander","Lukealexxander","2026-02-09T19:26:20.000Z","2020942361321406762",""
"Harry Stebbings — 2020953348485026087","https://x.com/HarryStebbings/status/2020953348485026087","Harry Stebbings","HarryStebbings","2026-02-09T20:10:00.000Z","2020953348485026087",""
"This Week in Startups — 2021018540648825181","https://x.com/twistartups/status/2021018540648825181","This Week in Startups","twistartups","2026-02-10T00:29:03.000Z","2021018540648825181",""
"Frank — 2021049459656822933","https://x.com/frankdegods/status/2021049459656822933","Frank","frankdegods","2026-02-10T02:31:55.000Z","2021049459656822933",""
"Obsidian — 2021241384057930224","https://x.com/obsdmd/status/2021241384057930224","Obsidian","obsdmd","2026-02-10T15:14:33.000Z","2021241384057930224",""
"Rian Doris — 2021298875319894309","https://x.com/RianSweetDoris/status/2021298875319894309","Rian Doris","RianSweetDoris","2026-02-10T19:03:00.000Z","2021298875319894309",""
"tic toc — 2021379232375451815","https://x.com/TicTocTick/status/2021379232375451815","tic toc","TicTocTick","2026-02-11T00:22:19.000Z","2021379232375451815",""
"Leaders 𝕏 Junction — 2021460220011229411","https://x.com/LeadersJunction/status/2021460220011229411","Leaders 𝕏 Junction","LeadersJunction","2026-02-11T05:44:08.000Z","2021460220011229411",""
"witcheer ☯︎ — 2021610036980543767","https://x.com/witcheer/status/2021610036980543767","witcheer ☯︎","witcheer","2026-02-11T15:39:27.000Z","2021610036980543767",""
"Sam Blond — 2021616625058017588","https://x.com/samdblond/status/2021616625058017588","Sam Blond","samdblond","2026-02-11T16:05:37.000Z","2021616625058017588",""
"Matthew Berman — 2021669868366598632","https://x.com/MatthewBerman/status/2021669868366598632","Matthew Berman","MatthewBerman","2026-02-11T19:37:12.000Z","2021669868366598632",""
"Financial Times — 2021913057065160828","https://x.com/FT/status/2021913057065160828","Financial Times","FT","2026-02-12T11:43:32.000Z","2021913057065160828",""
"Aziz Sunderji — 2021951752640020904","https://x.com/AzizSunderji/status/2021951752640020904","Aziz Sunderji","AzizSunderji","2026-02-12T14:17:18.000Z","2021951752640020904",""
"ChatCut — 2021967628387139989","https://x.com/chatcutapp/status/2021967628387139989","ChatCut","chatcutapp","2026-02-12T15:20:23.000Z","2021967628387139989",""
"MiniMax (official) — 2021980761210134808","https://x.com/MiniMax_AI/status/2021980761210134808","MiniMax (official)","MiniMax_AI","2026-02-12T16:12:34.000Z","2021980761210134808",""
"Alex Finn — 2022151291057713490","https://x.com/AlexFinn/status/2022151291057713490","Alex Finn","AlexFinn","2026-02-13T03:30:12.000Z","2022151291057713490",""
"Meta Alchemist — 2022614255426769129","https://x.com/meta_alchemist/status/2022614255426769129","Meta Alchemist","meta_alchemist","2026-02-14T10:09:51.000Z","2022614255426769129",""